-- phpMyAdmin SQL Dump
-- version 5.2.1
-- https://www.phpmyadmin.net/
--
-- Host: 127.0.0.1
-- Waktu pembuatan: 08 Jul 2025 pada 10.08
-- Versi server: 10.4.32-MariaDB
-- Versi PHP: 8.2.12

SET SQL_MODE = "NO_AUTO_VALUE_ON_ZERO";
START TRANSACTION;
SET time_zone = "+00:00";


/*!40101 SET @OLD_CHARACTER_SET_CLIENT=@@CHARACTER_SET_CLIENT */;
/*!40101 SET @OLD_CHARACTER_SET_RESULTS=@@CHARACTER_SET_RESULTS */;
/*!40101 SET @OLD_COLLATION_CONNECTION=@@COLLATION_CONNECTION */;
/*!40101 SET NAMES utf8mb4 */;

--
-- Database: `dbstockify`
--

-- --------------------------------------------------------

--
-- Struktur dari tabel `activity_logs`
--

CREATE TABLE `activity_logs` (
  `id` bigint(20) UNSIGNED NOT NULL,
  `user_id` bigint(20) UNSIGNED NOT NULL,
  `action` varchar(255) NOT NULL,
  `model` varchar(255) NOT NULL,
  `data` text DEFAULT NULL,
  `created_at` timestamp NULL DEFAULT NULL,
  `updated_at` timestamp NULL DEFAULT NULL
) ENGINE=InnoDB DEFAULT CHARSET=utf8mb4 COLLATE=utf8mb4_unicode_ci;

--
-- Dumping data untuk tabel `activity_logs`
--

INSERT INTO `activity_logs` (`id`, `user_id`, `action`, `model`, `data`, `created_at`, `updated_at`) VALUES
(1, 1, 'Create Barang Masuk', 'BarangMasuk', '\"{\\\"barang_id\\\":\\\"12\\\",\\\"supplier_id\\\":\\\"SUP-0000003\\\",\\\"jumlah\\\":\\\"10\\\",\\\"id\\\":\\\"TRM-0000003\\\",\\\"updated_at\\\":\\\"2025-06-20T21:53:12.000000Z\\\",\\\"created_at\\\":\\\"2025-06-20T21:53:12.000000Z\\\"}\"', '2025-06-20 14:53:12', '2025-06-20 14:53:12'),
(2, 1, 'Delete Barang Masuk', 'BarangMasuk', '\"{\\\"id\\\":\\\"TRM-0000003\\\",\\\"barang_id\\\":12,\\\"supplier_id\\\":\\\"SUP-0000003\\\",\\\"jumlah\\\":10,\\\"created_at\\\":\\\"2025-06-20T21:53:12.000000Z\\\",\\\"updated_at\\\":\\\"2025-06-20T21:53:12.000000Z\\\"}\"', '2025-06-20 14:55:50', '2025-06-20 14:55:50'),
(3, 1, 'Create Barang Keluar', 'BarangKeluar', '\"{\\\"barang_id\\\":\\\"12\\\",\\\"jumlah_keluar\\\":\\\"10\\\",\\\"penjual\\\":\\\"Admin 1\\\",\\\"pembeli\\\":\\\"Juni\\\",\\\"no_telp\\\":\\\"020839348\\\",\\\"tujuan\\\":\\\"Leka\\\",\\\"id\\\":\\\"TRK-0000003\\\",\\\"updated_at\\\":\\\"2025-06-21T02:52:50.000000Z\\\",\\\"created_at\\\":\\\"2025-06-21T02:52:50.000000Z\\\"}\"', '2025-06-20 19:52:50', '2025-06-20 19:52:50'),
(4, 1, 'Create Supplier', 'Supplier', '\"{\\\"nama_supplier\\\":\\\"123\\\",\\\"alamat_supplier\\\":\\\"-\\\",\\\"no_telp_supplier\\\":\\\"azx\\\",\\\"id_supplier\\\":\\\"SUP-0000005\\\",\\\"updated_at\\\":\\\"2025-06-21T02:56:33.000000Z\\\",\\\"created_at\\\":\\\"2025-06-21T02:56:33.000000Z\\\"}\"', '2025-06-20 19:56:33', '2025-06-20 19:56:33'),
(5, 1, 'Create Supplier', 'Supplier', '\"{\\\"nama_supplier\\\":\\\"a\\\",\\\"alamat_supplier\\\":\\\"ghfjhgjg\\\",\\\"no_telp_supplier\\\":\\\"1\\\",\\\"id_supplier\\\":\\\"SUP-0000006\\\",\\\"updated_at\\\":\\\"2025-06-21T02:57:26.000000Z\\\",\\\"created_at\\\":\\\"2025-06-21T02:57:26.000000Z\\\"}\"', '2025-06-20 19:57:26', '2025-06-20 19:57:26'),
(6, 1, 'Create Jenis Barang', 'JenisBarang', '\"{\\\"nama_jenis\\\":\\\"q1\\\",\\\"updated_at\\\":\\\"2025-06-21T02:59:50.000000Z\\\",\\\"created_at\\\":\\\"2025-06-21T02:59:50.000000Z\\\",\\\"id\\\":4}\"', '2025-06-20 19:59:50', '2025-06-20 19:59:50'),
(7, 1, 'Delete Jenis Barang', 'JenisBarang', '\"{\\\"id\\\":4,\\\"nama_jenis\\\":\\\"q1\\\",\\\"created_at\\\":\\\"2025-06-21T02:59:50.000000Z\\\",\\\"updated_at\\\":\\\"2025-06-21T02:59:50.000000Z\\\"}\"', '2025-06-22 10:56:08', '2025-06-22 10:56:08'),
(8, 1, 'Create Jenis Barang', 'JenisBarang', '\"{\\\"nama_jenis\\\":\\\"olasnd1\\\",\\\"updated_at\\\":\\\"2025-06-22T18:24:35.000000Z\\\",\\\"created_at\\\":\\\"2025-06-22T18:24:35.000000Z\\\",\\\"id\\\":5}\"', '2025-06-22 11:24:36', '2025-06-22 11:24:36'),
(9, 1, 'Create Jenis Barang', 'JenisBarang', '\"{\\\"nama_jenis\\\":\\\"oaslkms\\\",\\\"updated_at\\\":\\\"2025-06-22T18:30:09.000000Z\\\",\\\"created_at\\\":\\\"2025-06-22T18:30:09.000000Z\\\",\\\"id\\\":6}\"', '2025-06-22 11:30:09', '2025-06-22 11:30:09'),
(10, 1, 'Delete Jenis Barang', 'JenisBarang', '\"{\\\"id\\\":5,\\\"nama_jenis\\\":\\\"olasnd1\\\",\\\"created_at\\\":\\\"2025-06-22T18:24:35.000000Z\\\",\\\"updated_at\\\":\\\"2025-06-22T18:24:35.000000Z\\\"}\"', '2025-06-22 11:30:14', '2025-06-22 11:30:14'),
(11, 1, 'Delete Jenis Barang', 'JenisBarang', '\"{\\\"id\\\":6,\\\"nama_jenis\\\":\\\"oaslkms\\\",\\\"created_at\\\":\\\"2025-06-22T18:30:09.000000Z\\\",\\\"updated_at\\\":\\\"2025-06-22T18:30:09.000000Z\\\"}\"', '2025-06-22 11:30:18', '2025-06-22 11:30:18'),
(12, 1, 'Create Jenis Barang', 'JenisBarang', '\"{\\\"nama_jenis\\\":\\\"ajuika\\\",\\\"updated_at\\\":\\\"2025-06-22T18:47:08.000000Z\\\",\\\"created_at\\\":\\\"2025-06-22T18:47:08.000000Z\\\",\\\"id\\\":7}\"', '2025-06-22 11:47:08', '2025-06-22 11:47:08'),
(13, 1, 'Update Jenis Barang', 'JenisBarang', '\"{\\\"id\\\":7,\\\"nama_jenis\\\":\\\"ajuikas\\\",\\\"created_at\\\":\\\"2025-06-22T18:47:08.000000Z\\\",\\\"updated_at\\\":\\\"2025-06-22T18:47:56.000000Z\\\"}\"', '2025-06-22 11:47:56', '2025-06-22 11:47:56'),
(14, 1, 'Delete Jenis Barang', 'JenisBarang', '\"{\\\"id\\\":7,\\\"nama_jenis\\\":\\\"ajuikas\\\",\\\"created_at\\\":\\\"2025-06-22T18:47:08.000000Z\\\",\\\"updated_at\\\":\\\"2025-06-22T18:47:56.000000Z\\\"}\"', '2025-06-22 11:48:12', '2025-06-22 11:48:12'),
(15, 1, 'Update Supplier', 'Supplier', '\"{\\\"id_supplier\\\":\\\"SUP-0000006\\\",\\\"nama_supplier\\\":\\\"a\\\",\\\"alamat_supplier\\\":\\\"ghfjhgjg\\\",\\\"no_telp_supplier\\\":\\\"1\\\",\\\"created_at\\\":\\\"2025-06-21T02:57:26.000000Z\\\",\\\"updated_at\\\":\\\"2025-06-21T02:57:26.000000Z\\\"}\"', '2025-06-22 12:22:28', '2025-06-22 12:22:28'),
(16, 1, 'Update Supplier', 'Supplier', '\"{\\\"id_supplier\\\":\\\"SUP-0000006\\\",\\\"nama_supplier\\\":\\\"a\\\",\\\"alamat_supplier\\\":\\\"ghfjhgjg\\\",\\\"no_telp_supplier\\\":\\\"1\\\",\\\"created_at\\\":\\\"2025-06-21T02:57:26.000000Z\\\",\\\"updated_at\\\":\\\"2025-06-21T02:57:26.000000Z\\\"}\"', '2025-06-22 12:23:13', '2025-06-22 12:23:13'),
(17, 1, 'Create Supplier', 'Supplier', '\"{\\\"nama_supplier\\\":\\\"askdlnasdskd\\\",\\\"alamat_supplier\\\":\\\"alskndalskdnalksdnalks\\\",\\\"no_telp_supplier\\\":\\\"08023972387\\\",\\\"id_supplier\\\":\\\"SUP-0000007\\\",\\\"updated_at\\\":\\\"2025-06-22T19:26:20.000000Z\\\",\\\"created_at\\\":\\\"2025-06-22T19:26:20.000000Z\\\"}\"', '2025-06-22 12:26:20', '2025-06-22 12:26:20'),
(18, 1, 'Update Supplier', 'Supplier', '\"{\\\"id_supplier\\\":\\\"SUP-0000006\\\",\\\"nama_supplier\\\":\\\"a\\\",\\\"alamat_supplier\\\":\\\"ghfjhgjg\\\",\\\"no_telp_supplier\\\":\\\"1\\\",\\\"created_at\\\":\\\"2025-06-21T02:57:26.000000Z\\\",\\\"updated_at\\\":\\\"2025-06-21T02:57:26.000000Z\\\"}\"', '2025-06-22 12:30:38', '2025-06-22 12:30:38'),
(19, 1, 'Delete Supplier', 'Supplier', '\"{\\\"id_supplier\\\":\\\"SUP-0000005\\\",\\\"nama_supplier\\\":\\\"123\\\",\\\"alamat_supplier\\\":\\\"-\\\",\\\"no_telp_supplier\\\":\\\"azx\\\",\\\"created_at\\\":\\\"2025-06-21T02:56:33.000000Z\\\",\\\"updated_at\\\":\\\"2025-06-21T02:56:33.000000Z\\\"}\"', '2025-06-22 12:36:36', '2025-06-22 12:36:36'),
(20, 1, 'Delete Supplier', 'Supplier', '\"{\\\"id_supplier\\\":\\\"SUP-0000006\\\",\\\"nama_supplier\\\":\\\"a\\\",\\\"alamat_supplier\\\":\\\"ghfjhgjg\\\",\\\"no_telp_supplier\\\":\\\"1\\\",\\\"created_at\\\":\\\"2025-06-21T02:57:26.000000Z\\\",\\\"updated_at\\\":\\\"2025-06-21T02:57:26.000000Z\\\"}\"', '2025-06-22 12:36:39', '2025-06-22 12:36:39'),
(21, 1, 'Create Supplier', 'Supplier', '\"{\\\"nama_supplier\\\":\\\"aksdan\\\",\\\"alamat_supplier\\\":\\\"aksdjnasndals\\\",\\\"no_telp_supplier\\\":\\\"09382\\\",\\\"id_supplier\\\":\\\"SUP-0000008\\\",\\\"updated_at\\\":\\\"2025-06-22T19:52:44.000000Z\\\",\\\"created_at\\\":\\\"2025-06-22T19:52:44.000000Z\\\"}\"', '2025-06-22 12:52:44', '2025-06-22 12:52:44'),
(22, 1, 'Delete Supplier', 'Supplier', '\"{\\\"id_supplier\\\":\\\"SUP-0000008\\\",\\\"nama_supplier\\\":\\\"aksdan\\\",\\\"alamat_supplier\\\":\\\"aksdjnasndals\\\",\\\"no_telp_supplier\\\":\\\"09382\\\",\\\"created_at\\\":\\\"2025-06-22T19:52:44.000000Z\\\",\\\"updated_at\\\":\\\"2025-06-22T19:52:44.000000Z\\\"}\"', '2025-06-22 12:52:53', '2025-06-22 12:52:53'),
(23, 1, 'Create Supplier', 'Supplier', '\"{\\\"nama_supplier\\\":\\\"sodnaosdasd\\\",\\\"alamat_supplier\\\":\\\"oaisdoaisddawd\\\",\\\"no_telp_supplier\\\":\\\"0823819203\\\",\\\"id_supplier\\\":\\\"SUP-0000008\\\",\\\"updated_at\\\":\\\"2025-06-22T20:09:11.000000Z\\\",\\\"created_at\\\":\\\"2025-06-22T20:09:11.000000Z\\\"}\"', '2025-06-22 13:09:11', '2025-06-22 13:09:11'),
(24, 1, 'Delete Supplier', 'Supplier', '\"{\\\"id_supplier\\\":\\\"SUP-0000008\\\",\\\"nama_supplier\\\":\\\"sodnaosdasd\\\",\\\"alamat_supplier\\\":\\\"oaisdoaisddawd\\\",\\\"no_telp_supplier\\\":\\\"0823819203\\\",\\\"created_at\\\":\\\"2025-06-22T20:09:11.000000Z\\\",\\\"updated_at\\\":\\\"2025-06-22T20:09:11.000000Z\\\"}\"', '2025-06-22 13:09:22', '2025-06-22 13:09:22'),
(25, 1, 'Create Barang Keluar', 'BarangKeluar', '\"{\\\"barang_id\\\":\\\"12\\\",\\\"jumlah_keluar\\\":\\\"1\\\",\\\"penjual\\\":\\\"2\\\",\\\"pembeli\\\":\\\"me\\\",\\\"no_telp\\\":\\\"03923\\\",\\\"tujuan\\\":\\\"ahskdaj\\\",\\\"id\\\":\\\"TRK-0000004\\\",\\\"updated_at\\\":\\\"2025-06-22T22:21:25.000000Z\\\",\\\"created_at\\\":\\\"2025-06-22T22:21:25.000000Z\\\"}\"', '2025-06-22 15:21:25', '2025-06-22 15:21:25'),
(26, 1, 'Delete Barang Keluar', 'BarangKeluar', '\"{\\\"id\\\":\\\"TRK-0000001\\\",\\\"barang_id\\\":12,\\\"jumlah_keluar\\\":10,\\\"tujuan\\\":\\\"Palembang\\\",\\\"created_at\\\":\\\"2025-06-20T16:09:32.000000Z\\\",\\\"updated_at\\\":\\\"2025-06-20T16:09:32.000000Z\\\",\\\"pembeli\\\":\\\"kasdjnaslnd\\\",\\\"no_telp\\\":\\\"0827939432\\\",\\\"penjual\\\":\\\"Admin 1\\\"}\"', '2025-06-22 15:25:06', '2025-06-22 15:25:06'),
(27, 1, 'Delete Barang Keluar', 'BarangKeluar', '\"{\\\"id\\\":\\\"TRK-0000002\\\",\\\"barang_id\\\":13,\\\"jumlah_keluar\\\":10,\\\"tujuan\\\":\\\"Palembang\\\",\\\"created_at\\\":\\\"2025-06-20T16:15:34.000000Z\\\",\\\"updated_at\\\":\\\"2025-06-20T17:14:00.000000Z\\\",\\\"pembeli\\\":\\\"kasdjnaslnd\\\",\\\"no_telp\\\":\\\"0827939432\\\",\\\"penjual\\\":\\\"Admin 1\\\"}\"', '2025-06-22 15:25:09', '2025-06-22 15:25:09'),
(28, 1, 'Delete Barang Keluar', 'BarangKeluar', '\"{\\\"id\\\":\\\"TRK-0000003\\\",\\\"barang_id\\\":12,\\\"jumlah_keluar\\\":10,\\\"tujuan\\\":\\\"Leka\\\",\\\"created_at\\\":\\\"2025-06-21T02:52:50.000000Z\\\",\\\"updated_at\\\":\\\"2025-06-21T02:52:50.000000Z\\\",\\\"pembeli\\\":\\\"Juni\\\",\\\"no_telp\\\":\\\"020839348\\\",\\\"penjual\\\":\\\"Admin 1\\\"}\"', '2025-06-22 15:25:13', '2025-06-22 15:25:13'),
(29, 1, 'Delete Barang Keluar', 'BarangKeluar', '\"{\\\"id\\\":\\\"TRK-0000004\\\",\\\"barang_id\\\":12,\\\"jumlah_keluar\\\":1,\\\"tujuan\\\":\\\"ahskdaj\\\",\\\"created_at\\\":\\\"2025-06-22T22:21:25.000000Z\\\",\\\"updated_at\\\":\\\"2025-06-22T22:21:25.000000Z\\\",\\\"pembeli\\\":\\\"me\\\",\\\"no_telp\\\":\\\"03923\\\",\\\"penjual\\\":\\\"2\\\"}\"', '2025-06-22 15:25:17', '2025-06-22 15:25:17'),
(30, 1, 'Create Barang Keluar', 'BarangKeluar', '\"{\\\"barang_id\\\":\\\"12\\\",\\\"jumlah_keluar\\\":\\\"1\\\",\\\"penjual\\\":\\\"4\\\",\\\"pembeli\\\":\\\"me\\\",\\\"no_telp\\\":\\\"9823\\\",\\\"tujuan\\\":\\\"ahskdb\\\",\\\"id\\\":\\\"TRK-0000001\\\",\\\"updated_at\\\":\\\"2025-06-22T22:26:14.000000Z\\\",\\\"created_at\\\":\\\"2025-06-22T22:26:14.000000Z\\\"}\"', '2025-06-22 15:26:14', '2025-06-22 15:26:14'),
(31, 1, 'Update Barang Keluar', 'BarangKeluar', '\"{\\\"id\\\":\\\"TRK-0000001\\\",\\\"barang_id\\\":\\\"12\\\",\\\"jumlah_keluar\\\":\\\"1\\\",\\\"tujuan\\\":\\\"ahskdb\\\",\\\"created_at\\\":\\\"2025-06-22T22:26:14.000000Z\\\",\\\"updated_at\\\":\\\"2025-06-22T22:26:14.000000Z\\\",\\\"pembeli\\\":\\\"me\\\",\\\"no_telp\\\":\\\"9823\\\",\\\"penjual\\\":\\\"4\\\",\\\"barang\\\":{\\\"id\\\":12,\\\"kode_barang\\\":\\\"BAR-0000001\\\",\\\"nama_barang\\\":\\\"Castello\\\",\\\"jenis_barang_id\\\":2,\\\"jumlah\\\":57,\\\"satuan\\\":\\\"Pcs\\\",\\\"created_at\\\":\\\"2025-05-29T19:07:14.000000Z\\\",\\\"updated_at\\\":\\\"2025-06-22T22:26:14.000000Z\\\"}}\"', '2025-06-22 15:30:10', '2025-06-22 15:30:10'),
(32, 1, 'Create Barang Keluar', 'BarangKeluar', '\"{\\\"barang_id\\\":\\\"12\\\",\\\"jumlah_keluar\\\":\\\"2\\\",\\\"penjual\\\":\\\"2\\\",\\\"pembeli\\\":\\\"asa\\\",\\\"no_telp\\\":\\\"0923233234\\\",\\\"tujuan\\\":\\\"123233\\\",\\\"id\\\":\\\"TRK-0000002\\\",\\\"updated_at\\\":\\\"2025-06-22T23:18:58.000000Z\\\",\\\"created_at\\\":\\\"2025-06-22T23:18:58.000000Z\\\"}\"', '2025-06-22 16:18:58', '2025-06-22 16:18:58'),
(33, 1, 'Create Barang Keluar', 'BarangKeluar', '\"{\\\"barang_id\\\":\\\"12\\\",\\\"jumlah_keluar\\\":\\\"54\\\",\\\"penjual\\\":\\\"6\\\",\\\"pembeli\\\":\\\"Ardiono\\\",\\\"no_telp\\\":\\\"098238832873\\\",\\\"tujuan\\\":\\\"akjbsdkjaskdanksdjnasdasd\\\",\\\"id\\\":\\\"TRK-0000003\\\",\\\"updated_at\\\":\\\"2025-06-23T00:35:43.000000Z\\\",\\\"created_at\\\":\\\"2025-06-23T00:35:43.000000Z\\\"}\"', '2025-06-22 17:35:43', '2025-06-22 17:35:43'),
(34, 1, 'Create Barang Masuk', 'BarangMasuk', '\"{\\\"barang_id\\\":\\\"12\\\",\\\"supplier_id\\\":\\\"SUP-0000001\\\",\\\"jumlah\\\":\\\"20\\\",\\\"id\\\":\\\"TRM-0000003\\\",\\\"updated_at\\\":\\\"2025-06-23T01:02:03.000000Z\\\",\\\"created_at\\\":\\\"2025-06-23T01:02:03.000000Z\\\"}\"', '2025-06-22 18:02:03', '2025-06-22 18:02:03'),
(35, 1, 'Create Barang Keluar', 'BarangKeluar', '\"{\\\"barang_id\\\":\\\"12\\\",\\\"jumlah_keluar\\\":\\\"10\\\",\\\"penjual\\\":\\\"3\\\",\\\"pembeli\\\":\\\"asdwdw\\\",\\\"no_telp\\\":\\\"0920239204\\\",\\\"tujuan\\\":\\\"kjdawd\\\",\\\"id\\\":\\\"TRK-0000004\\\",\\\"updated_at\\\":\\\"2025-06-23T01:02:34.000000Z\\\",\\\"created_at\\\":\\\"2025-06-23T01:02:34.000000Z\\\"}\"', '2025-06-22 18:02:34', '2025-06-22 18:02:34'),
(36, 1, 'Create Barang Masuk', 'BarangMasuk', '\"{\\\"barang_id\\\":\\\"12\\\",\\\"supplier_id\\\":\\\"SUP-0000002\\\",\\\"jumlah\\\":\\\"3\\\",\\\"id\\\":\\\"TRM-0000004\\\",\\\"updated_at\\\":\\\"2025-06-23T05:56:40.000000Z\\\",\\\"created_at\\\":\\\"2025-06-23T05:56:40.000000Z\\\"}\"', '2025-06-22 22:56:40', '2025-06-22 22:56:40'),
(37, 1, 'Create Barang Masuk', 'BarangMasuk', '\"{\\\"barang_id\\\":\\\"12\\\",\\\"supplier_id\\\":\\\"SUP-0000001\\\",\\\"jumlah\\\":\\\"2\\\",\\\"id\\\":\\\"TRM-0000005\\\",\\\"updated_at\\\":\\\"2025-06-23T05:57:12.000000Z\\\",\\\"created_at\\\":\\\"2025-06-23T05:57:12.000000Z\\\"}\"', '2025-06-22 22:57:12', '2025-06-22 22:57:12'),
(38, 1, 'Create Barang Masuk', 'BarangMasuk', '\"{\\\"barang_id\\\":\\\"12\\\",\\\"supplier_id\\\":\\\"SUP-0000001\\\",\\\"jumlah\\\":\\\"6\\\",\\\"id\\\":\\\"TRM-0000006\\\",\\\"updated_at\\\":\\\"2025-06-23T06:04:48.000000Z\\\",\\\"created_at\\\":\\\"2025-06-23T06:04:48.000000Z\\\"}\"', '2025-06-22 23:04:48', '2025-06-22 23:04:48'),
(39, 1, 'Update Barang Masuk', 'BarangMasuk', '\"{\\\"id\\\":\\\"TRM-0000001\\\",\\\"barang_id\\\":\\\"12\\\",\\\"supplier_id\\\":\\\"SUP-0000001\\\",\\\"jumlah\\\":\\\"69\\\",\\\"created_at\\\":\\\"2025-05-29T19:07:51.000000Z\\\",\\\"updated_at\\\":\\\"2025-05-29T19:07:51.000000Z\\\",\\\"tanggal_masuk\\\":null}\"', '2025-06-22 23:27:22', '2025-06-22 23:27:22'),
(40, 1, 'Create Barang Masuk', 'BarangMasuk', '\"{\\\"barang_id\\\":\\\"12\\\",\\\"supplier_id\\\":\\\"SUP-0000003\\\",\\\"jumlah\\\":\\\"3\\\",\\\"id\\\":\\\"TRM-0000007\\\",\\\"updated_at\\\":\\\"2025-06-23T06:29:55.000000Z\\\",\\\"created_at\\\":\\\"2025-06-23T06:29:55.000000Z\\\"}\"', '2025-06-22 23:29:55', '2025-06-22 23:29:55'),
(41, 1, 'Update Barang Masuk', 'BarangMasuk', '\"{\\\"id\\\":\\\"TRM-0000001\\\",\\\"barang_id\\\":\\\"12\\\",\\\"supplier_id\\\":\\\"SUP-0000001\\\",\\\"jumlah\\\":\\\"69\\\",\\\"created_at\\\":\\\"2025-05-29T19:07:51.000000Z\\\",\\\"updated_at\\\":\\\"2025-05-29T19:07:51.000000Z\\\",\\\"tanggal_masuk\\\":null}\"', '2025-06-22 23:36:57', '2025-06-22 23:36:57'),
(42, 1, 'Create Barang Masuk', 'BarangMasuk', '\"{\\\"barang_id\\\":\\\"13\\\",\\\"supplier_id\\\":\\\"SUP-0000003\\\",\\\"jumlah\\\":\\\"1\\\",\\\"id\\\":\\\"TRM-0000008\\\",\\\"updated_at\\\":\\\"2025-06-23T06:40:46.000000Z\\\",\\\"created_at\\\":\\\"2025-06-23T06:40:46.000000Z\\\"}\"', '2025-06-22 23:40:46', '2025-06-22 23:40:46'),
(43, 1, 'Create Barang Masuk', 'BarangMasuk', '\"{\\\"barang_id\\\":\\\"13\\\",\\\"supplier_id\\\":\\\"SUP-0000002\\\",\\\"jumlah\\\":\\\"2\\\",\\\"id\\\":\\\"TRM-0000009\\\",\\\"updated_at\\\":\\\"2025-06-23T06:47:53.000000Z\\\",\\\"created_at\\\":\\\"2025-06-23T06:47:53.000000Z\\\"}\"', '2025-06-22 23:47:53', '2025-06-22 23:47:53'),
(44, 1, 'Create Barang Masuk', 'BarangMasuk', '\"{\\\"barang_id\\\":\\\"13\\\",\\\"supplier_id\\\":\\\"SUP-0000002\\\",\\\"jumlah\\\":\\\"2\\\",\\\"tanggal_masuk\\\":\\\"2025-06-07\\\",\\\"id\\\":\\\"TRM-0000010\\\",\\\"updated_at\\\":\\\"2025-06-23T07:11:45.000000Z\\\",\\\"created_at\\\":\\\"2025-06-23T07:11:45.000000Z\\\"}\"', '2025-06-23 00:11:45', '2025-06-23 00:11:45'),
(45, 1, 'Update Barang Masuk', 'BarangMasuk', '\"{\\\"id\\\":\\\"TRM-0000001\\\",\\\"barang_id\\\":\\\"12\\\",\\\"supplier_id\\\":\\\"SUP-0000001\\\",\\\"jumlah\\\":\\\"69\\\",\\\"created_at\\\":\\\"2025-05-29T19:07:51.000000Z\\\",\\\"updated_at\\\":\\\"2025-06-23T07:12:43.000000Z\\\",\\\"tanggal_masuk\\\":\\\"2025-06-20\\\"}\"', '2025-06-23 00:12:43', '2025-06-23 00:12:43'),
(46, 1, 'Update Barang Masuk', 'BarangMasuk', '\"{\\\"id\\\":\\\"TRM-0000002\\\",\\\"barang_id\\\":\\\"13\\\",\\\"supplier_id\\\":\\\"SUP-0000002\\\",\\\"jumlah\\\":\\\"100\\\",\\\"created_at\\\":\\\"2025-06-20T16:36:30.000000Z\\\",\\\"updated_at\\\":\\\"2025-06-23T07:12:56.000000Z\\\",\\\"tanggal_masuk\\\":\\\"2025-06-13\\\"}\"', '2025-06-23 00:12:56', '2025-06-23 00:12:56'),
(47, 1, 'Update Barang Masuk', 'BarangMasuk', '\"{\\\"id\\\":\\\"TRM-0000003\\\",\\\"barang_id\\\":\\\"12\\\",\\\"supplier_id\\\":\\\"SUP-0000001\\\",\\\"jumlah\\\":\\\"20\\\",\\\"created_at\\\":\\\"2025-06-23T01:02:03.000000Z\\\",\\\"updated_at\\\":\\\"2025-06-23T07:13:08.000000Z\\\",\\\"tanggal_masuk\\\":\\\"2025-06-19\\\"}\"', '2025-06-23 00:13:08', '2025-06-23 00:13:08'),
(48, 1, 'Update Barang Masuk', 'BarangMasuk', '\"{\\\"id\\\":\\\"TRM-0000004\\\",\\\"barang_id\\\":\\\"12\\\",\\\"supplier_id\\\":\\\"SUP-0000002\\\",\\\"jumlah\\\":\\\"3\\\",\\\"created_at\\\":\\\"2025-06-23T05:56:40.000000Z\\\",\\\"updated_at\\\":\\\"2025-06-23T07:13:21.000000Z\\\",\\\"tanggal_masuk\\\":\\\"2025-06-17\\\"}\"', '2025-06-23 00:13:21', '2025-06-23 00:13:21'),
(49, 1, 'Create Barang Keluar', 'BarangKeluar', '\"{\\\"barang_id\\\":\\\"12\\\",\\\"jumlah_keluar\\\":\\\"20\\\",\\\"penjual\\\":\\\"3\\\",\\\"pembeli\\\":\\\"ksdjnawjd\\\",\\\"no_telp\\\":\\\"9323280223232\\\",\\\"tujuan\\\":\\\"jasdjaskdjawkjdawdasd\\\",\\\"id\\\":\\\"TRK-0000005\\\",\\\"updated_at\\\":\\\"2025-06-23T09:54:01.000000Z\\\",\\\"created_at\\\":\\\"2025-06-23T09:54:01.000000Z\\\"}\"', '2025-06-23 02:54:01', '2025-06-23 02:54:01'),
(50, 1, 'Update Barang Masuk', 'BarangMasuk', '\"{\\\"id\\\":\\\"TRM-0000010\\\",\\\"barang_id\\\":\\\"13\\\",\\\"supplier_id\\\":\\\"SUP-0000002\\\",\\\"jumlah\\\":\\\"2\\\",\\\"created_at\\\":\\\"2025-06-23T07:11:45.000000Z\\\",\\\"updated_at\\\":\\\"2025-06-23T10:50:22.000000Z\\\",\\\"tanggal_masuk\\\":\\\"2025-06-18\\\"}\"', '2025-06-23 03:50:22', '2025-06-23 03:50:22'),
(51, 1, 'Update Barang Masuk', 'BarangMasuk', '\"{\\\"id\\\":\\\"TRM-0000004\\\",\\\"barang_id\\\":\\\"12\\\",\\\"supplier_id\\\":\\\"SUP-0000002\\\",\\\"jumlah\\\":\\\"3\\\",\\\"created_at\\\":\\\"2025-06-23T05:56:40.000000Z\\\",\\\"updated_at\\\":\\\"2025-06-23T10:50:38.000000Z\\\",\\\"tanggal_masuk\\\":\\\"2025-06-20\\\"}\"', '2025-06-23 03:50:38', '2025-06-23 03:50:38'),
(52, 1, 'Update Barang Masuk', 'BarangMasuk', '\"{\\\"id\\\":\\\"TRM-0000003\\\",\\\"barang_id\\\":\\\"12\\\",\\\"supplier_id\\\":\\\"SUP-0000001\\\",\\\"jumlah\\\":\\\"20\\\",\\\"created_at\\\":\\\"2025-06-23T01:02:03.000000Z\\\",\\\"updated_at\\\":\\\"2025-06-23T10:50:48.000000Z\\\",\\\"tanggal_masuk\\\":\\\"2025-06-21\\\"}\"', '2025-06-23 03:50:48', '2025-06-23 03:50:48'),
(53, 1, 'Create Barang Keluar', 'BarangKeluar', '\"{\\\"barang_id\\\":\\\"13\\\",\\\"jumlah_keluar\\\":\\\"34\\\",\\\"penjual\\\":\\\"5\\\",\\\"pembeli\\\":\\\"kkjadajsd\\\",\\\"no_telp\\\":\\\"11324323423\\\",\\\"tujuan\\\":\\\"kajda\\\",\\\"tanggal_keluar\\\":\\\"2025-06-19\\\",\\\"id\\\":\\\"TRK-0000006\\\",\\\"updated_at\\\":\\\"2025-06-23T11:12:25.000000Z\\\",\\\"created_at\\\":\\\"2025-06-23T11:12:25.000000Z\\\"}\"', '2025-06-23 04:12:25', '2025-06-23 04:12:25'),
(54, 1, 'Update Barang Keluar', 'BarangKeluar', '\"{\\\"id\\\":\\\"TRK-0000005\\\",\\\"barang_id\\\":\\\"12\\\",\\\"jumlah_keluar\\\":\\\"20\\\",\\\"tujuan\\\":\\\"jasdjaskdjawkjdawdasd\\\",\\\"created_at\\\":\\\"2025-06-23T09:54:01.000000Z\\\",\\\"updated_at\\\":\\\"2025-06-23T11:22:07.000000Z\\\",\\\"pembeli\\\":\\\"ksdjnawjd\\\",\\\"no_telp\\\":\\\"9323280223232\\\",\\\"penjual\\\":\\\"3\\\",\\\"tanggal_keluar\\\":\\\"2025-06-19\\\",\\\"barang\\\":{\\\"id\\\":12,\\\"kode_barang\\\":\\\"BAR-0000001\\\",\\\"nama_barang\\\":\\\"Castello\\\",\\\"jenis_barang_id\\\":2,\\\"jumlah\\\":133,\\\"satuan\\\":\\\"Pcs\\\",\\\"created_at\\\":\\\"2025-05-29T19:07:14.000000Z\\\",\\\"updated_at\\\":\\\"2025-06-23T10:50:48.000000Z\\\"}}\"', '2025-06-23 04:22:07', '2025-06-23 04:22:07'),
(55, 1, 'Update Barang Keluar', 'BarangKeluar', '\"{\\\"id\\\":\\\"TRK-0000004\\\",\\\"barang_id\\\":\\\"12\\\",\\\"jumlah_keluar\\\":\\\"10\\\",\\\"tujuan\\\":\\\"kjdawd\\\",\\\"created_at\\\":\\\"2025-06-23T01:02:34.000000Z\\\",\\\"updated_at\\\":\\\"2025-06-23T11:22:20.000000Z\\\",\\\"pembeli\\\":\\\"asdwdw\\\",\\\"no_telp\\\":\\\"0920239204\\\",\\\"penjual\\\":\\\"3\\\",\\\"tanggal_keluar\\\":\\\"2025-06-20\\\",\\\"barang\\\":{\\\"id\\\":12,\\\"kode_barang\\\":\\\"BAR-0000001\\\",\\\"nama_barang\\\":\\\"Castello\\\",\\\"jenis_barang_id\\\":2,\\\"jumlah\\\":113,\\\"satuan\\\":\\\"Pcs\\\",\\\"created_at\\\":\\\"2025-05-29T19:07:14.000000Z\\\",\\\"updated_at\\\":\\\"2025-06-23T11:22:07.000000Z\\\"}}\"', '2025-06-23 04:22:20', '2025-06-23 04:22:20'),
(56, 1, 'Update Barang Masuk', 'BarangMasuk', '\"{\\\"id\\\":\\\"TRM-0000014\\\",\\\"barang_id\\\":\\\"13\\\",\\\"supplier_id\\\":\\\"SUP-0000002\\\",\\\"jumlah\\\":\\\"7\\\",\\\"created_at\\\":\\\"2025-06-25T02:10:44.000000Z\\\",\\\"updated_at\\\":\\\"2025-06-25T02:27:05.000000Z\\\",\\\"tanggal_masuk\\\":\\\"2025-06-20\\\"}\"', '2025-06-24 19:27:05', '2025-06-24 19:27:05'),
(57, 1, 'Update Barang Masuk', 'BarangMasuk', '\"{\\\"id\\\":\\\"TRM-0000014\\\",\\\"barang_id\\\":\\\"12\\\",\\\"supplier_id\\\":\\\"SUP-0000002\\\",\\\"jumlah\\\":\\\"7\\\",\\\"created_at\\\":\\\"2025-06-25T02:10:44.000000Z\\\",\\\"updated_at\\\":\\\"2025-06-25T02:28:10.000000Z\\\",\\\"tanggal_masuk\\\":\\\"2025-06-20\\\"}\"', '2025-06-24 19:28:11', '2025-06-24 19:28:11'),
(58, 1, 'Update Barang Masuk', 'BarangMasuk', '\"{\\\"id\\\":\\\"TRM-0000014\\\",\\\"barang_id\\\":\\\"13\\\",\\\"supplier_id\\\":\\\"SUP-0000002\\\",\\\"jumlah\\\":\\\"7\\\",\\\"created_at\\\":\\\"2025-06-25T02:10:44.000000Z\\\",\\\"updated_at\\\":\\\"2025-06-25T02:32:10.000000Z\\\",\\\"tanggal_masuk\\\":\\\"2025-06-20\\\",\\\"barang\\\":{\\\"id\\\":12,\\\"kode_barang\\\":\\\"BAR-0000001\\\",\\\"nama_barang\\\":\\\"Castello\\\",\\\"jenis_barang_id\\\":2,\\\"jumlah\\\":117,\\\"satuan\\\":\\\"Pcs\\\",\\\"created_at\\\":\\\"2025-05-29T19:07:14.000000Z\\\",\\\"updated_at\\\":\\\"2025-06-25T02:32:10.000000Z\\\"}}\"', '2025-06-24 19:32:10', '2025-06-24 19:32:10'),
(59, 1, 'Update Barang Masuk', 'BarangMasuk', '\"{\\\"id\\\":\\\"TRM-0000014\\\",\\\"barang_id\\\":\\\"12\\\",\\\"supplier_id\\\":\\\"SUP-0000002\\\",\\\"jumlah\\\":\\\"7\\\",\\\"created_at\\\":\\\"2025-06-25T02:10:44.000000Z\\\",\\\"updated_at\\\":\\\"2025-06-25T02:35:11.000000Z\\\",\\\"tanggal_masuk\\\":\\\"2025-06-20\\\",\\\"barang\\\":{\\\"id\\\":13,\\\"kode_barang\\\":\\\"BAR-0000002\\\",\\\"nama_barang\\\":\\\"Suna\\\",\\\"jenis_barang_id\\\":3,\\\"jumlah\\\":139,\\\"satuan\\\":\\\"Batang\\\",\\\"created_at\\\":\\\"2025-06-20T12:26:31.000000Z\\\",\\\"updated_at\\\":\\\"2025-06-25T02:35:11.000000Z\\\"}}\"', '2025-06-24 19:35:11', '2025-06-24 19:35:11'),
(60, 1, 'Update Barang Masuk', 'BarangMasuk', '\"{\\\"id\\\":\\\"TRM-0000014\\\",\\\"barang_id\\\":\\\"13\\\",\\\"supplier_id\\\":\\\"SUP-0000002\\\",\\\"jumlah\\\":\\\"7\\\",\\\"created_at\\\":\\\"2025-06-25T02:10:44.000000Z\\\",\\\"updated_at\\\":\\\"2025-06-25T02:36:43.000000Z\\\",\\\"tanggal_masuk\\\":\\\"2025-06-20\\\",\\\"barang\\\":{\\\"id\\\":12,\\\"kode_barang\\\":\\\"BAR-0000001\\\",\\\"nama_barang\\\":\\\"Castello\\\",\\\"jenis_barang_id\\\":2,\\\"jumlah\\\":131,\\\"satuan\\\":\\\"Pcs\\\",\\\"created_at\\\":\\\"2025-05-29T19:07:14.000000Z\\\",\\\"updated_at\\\":\\\"2025-06-25T02:36:43.000000Z\\\"}}\"', '2025-06-24 19:36:43', '2025-06-24 19:36:43'),
(61, 1, 'Update Barang Masuk', 'BarangMasuk', '\"{\\\"id\\\":\\\"TRM-0000014\\\",\\\"barang_id\\\":\\\"12\\\",\\\"supplier_id\\\":\\\"SUP-0000002\\\",\\\"jumlah\\\":\\\"7\\\",\\\"created_at\\\":\\\"2025-06-25T02:10:44.000000Z\\\",\\\"updated_at\\\":\\\"2025-06-25T02:37:57.000000Z\\\",\\\"tanggal_masuk\\\":\\\"2025-06-20\\\",\\\"barang\\\":{\\\"id\\\":13,\\\"kode_barang\\\":\\\"BAR-0000002\\\",\\\"nama_barang\\\":\\\"Suna\\\",\\\"jenis_barang_id\\\":3,\\\"jumlah\\\":139,\\\"satuan\\\":\\\"Batang\\\",\\\"created_at\\\":\\\"2025-06-20T12:26:31.000000Z\\\",\\\"updated_at\\\":\\\"2025-06-25T02:37:57.000000Z\\\"}}\"', '2025-06-24 19:37:57', '2025-06-24 19:37:57'),
(62, 1, 'Create Barang', 'Barang', '\"{\\\"nama_barang\\\":\\\"Waslin\\\",\\\"jenis_barang_id\\\":\\\"3\\\",\\\"jumlah\\\":0,\\\"satuan\\\":\\\"Unit\\\",\\\"kode_barang\\\":\\\"BAR-0000003\\\",\\\"updated_at\\\":\\\"2025-06-25T11:36:37.000000Z\\\",\\\"created_at\\\":\\\"2025-06-25T11:36:37.000000Z\\\",\\\"id\\\":14}\"', '2025-06-25 04:36:37', '2025-06-25 04:36:37'),
(63, 1, 'Create Barang', 'Barang', '\"{\\\"nama_barang\\\":\\\"Selin\\\",\\\"jenis_barang_id\\\":\\\"3\\\",\\\"jumlah\\\":0,\\\"satuan\\\":\\\"Pcs\\\",\\\"kode_barang\\\":\\\"BAR-0000004\\\",\\\"updated_at\\\":\\\"2025-07-04T15:55:05.000000Z\\\",\\\"created_at\\\":\\\"2025-07-04T15:55:05.000000Z\\\",\\\"id\\\":15}\"', '2025-07-04 08:55:05', '2025-07-04 08:55:05'),
(64, 1, 'Create Barang', 'Barang', '\"{\\\"nama_barang\\\":\\\"b\\\",\\\"jenis_barang_id\\\":\\\"2\\\",\\\"jumlah\\\":0,\\\"satuan\\\":\\\"Pcs\\\",\\\"kode_barang\\\":\\\"BAR-0000005\\\",\\\"updated_at\\\":\\\"2025-07-06T05:09:28.000000Z\\\",\\\"created_at\\\":\\\"2025-07-06T05:09:28.000000Z\\\",\\\"id\\\":16}\"', '2025-07-05 22:09:28', '2025-07-05 22:09:28'),
(65, 1, 'Create Barang Keluar', 'BarangKeluar', '\"{\\\"barang_id\\\":\\\"15\\\",\\\"jumlah_keluar\\\":\\\"1\\\",\\\"penjual\\\":\\\"3\\\",\\\"pembeli\\\":\\\"sodiaj\\\",\\\"no_telp\\\":\\\"923928739828372\\\",\\\"tujuan\\\":\\\"kshdaosjdoaisjdoaisjdaoisjd\\\",\\\"tanggal_keluar\\\":\\\"2025-07-06\\\",\\\"id\\\":\\\"TRK-0000007\\\",\\\"updated_at\\\":\\\"2025-07-06T06:46:49.000000Z\\\",\\\"created_at\\\":\\\"2025-07-06T06:46:49.000000Z\\\"}\"', '2025-07-05 23:46:49', '2025-07-05 23:46:49'),
(66, 1, 'Update Barang Keluar', 'BarangKeluar', '\"{\\\"id\\\":\\\"TRK-0000007\\\",\\\"barang_id\\\":\\\"15\\\",\\\"jumlah_keluar\\\":\\\"2\\\",\\\"tujuan\\\":\\\"kshdaosjdoaisjdoaisjdaoisjd\\\",\\\"created_at\\\":\\\"2025-07-06T06:46:49.000000Z\\\",\\\"updated_at\\\":\\\"2025-07-06T06:47:08.000000Z\\\",\\\"pembeli\\\":\\\"sodiaj\\\",\\\"no_telp\\\":\\\"923928739828372\\\",\\\"penjual\\\":\\\"3\\\",\\\"tanggal_keluar\\\":\\\"2025-07-06\\\",\\\"barang\\\":{\\\"id\\\":15,\\\"kode_barang\\\":\\\"BAR-0000004\\\",\\\"nama_barang\\\":\\\"Selin\\\",\\\"jenis_barang_id\\\":3,\\\"jumlah\\\":9,\\\"satuan\\\":\\\"Pcs\\\",\\\"created_at\\\":\\\"2025-07-04T15:55:05.000000Z\\\",\\\"updated_at\\\":\\\"2025-07-06T06:46:49.000000Z\\\"}}\"', '2025-07-05 23:47:08', '2025-07-05 23:47:08'),
(67, 1, 'Update Barang Masuk', 'BarangMasuk', '\"{\\\"id\\\":\\\"TRM-0000017\\\",\\\"barang_id\\\":\\\"16\\\",\\\"supplier_id\\\":\\\"SUP-0000002\\\",\\\"jumlah\\\":\\\"3\\\",\\\"created_at\\\":\\\"2025-07-06T08:15:46.000000Z\\\",\\\"updated_at\\\":\\\"2025-07-06T08:16:16.000000Z\\\",\\\"tanggal_masuk\\\":\\\"2025-07-06\\\",\\\"barang\\\":{\\\"id\\\":15,\\\"kode_barang\\\":\\\"BAR-0000004\\\",\\\"nama_barang\\\":\\\"Selin\\\",\\\"jenis_barang_id\\\":3,\\\"jumlah\\\":13,\\\"satuan\\\":\\\"Pcs\\\",\\\"created_at\\\":\\\"2025-07-04T15:55:05.000000Z\\\",\\\"updated_at\\\":\\\"2025-07-06T08:16:16.000000Z\\\"}}\"', '2025-07-06 01:16:16', '2025-07-06 01:16:16'),
(68, 1, 'Update Barang Masuk', 'BarangMasuk', '\"{\\\"id\\\":\\\"TRM-0000017\\\",\\\"barang_id\\\":\\\"16\\\",\\\"supplier_id\\\":\\\"SUP-0000002\\\",\\\"jumlah\\\":\\\"3\\\",\\\"created_at\\\":\\\"2025-07-06T08:15:46.000000Z\\\",\\\"updated_at\\\":\\\"2025-07-06T08:16:16.000000Z\\\",\\\"tanggal_masuk\\\":\\\"2025-07-06\\\",\\\"barang\\\":{\\\"id\\\":16,\\\"kode_barang\\\":\\\"BAR-0000005\\\",\\\"nama_barang\\\":\\\"b\\\",\\\"jenis_barang_id\\\":2,\\\"jumlah\\\":0,\\\"satuan\\\":\\\"Pcs\\\",\\\"created_at\\\":\\\"2025-07-06T05:09:28.000000Z\\\",\\\"updated_at\\\":\\\"2025-07-06T05:09:28.000000Z\\\"}}\"', '2025-07-06 01:17:34', '2025-07-06 01:17:34'),
(69, 1, 'Update Barang Masuk', 'BarangMasuk', '\"{\\\"id\\\":\\\"TRM-0000017\\\",\\\"barang_id\\\":\\\"15\\\",\\\"supplier_id\\\":\\\"SUP-0000002\\\",\\\"jumlah\\\":\\\"3\\\",\\\"created_at\\\":\\\"2025-07-06T08:15:46.000000Z\\\",\\\"updated_at\\\":\\\"2025-07-06T08:18:00.000000Z\\\",\\\"tanggal_masuk\\\":\\\"2025-07-06\\\",\\\"barang\\\":{\\\"id\\\":16,\\\"kode_barang\\\":\\\"BAR-0000005\\\",\\\"nama_barang\\\":\\\"b\\\",\\\"jenis_barang_id\\\":2,\\\"jumlah\\\":0,\\\"satuan\\\":\\\"Pcs\\\",\\\"created_at\\\":\\\"2025-07-06T05:09:28.000000Z\\\",\\\"updated_at\\\":\\\"2025-07-06T08:18:00.000000Z\\\"}}\"', '2025-07-06 01:18:00', '2025-07-06 01:18:00'),
(70, 1, 'Update Barang Masuk', 'BarangMasuk', '\"{\\\"id\\\":\\\"TRM-0000017\\\",\\\"barang_id\\\":\\\"16\\\",\\\"supplier_id\\\":\\\"SUP-0000002\\\",\\\"jumlah\\\":\\\"3\\\",\\\"created_at\\\":\\\"2025-07-06T08:15:46.000000Z\\\",\\\"updated_at\\\":\\\"2025-07-06T08:18:16.000000Z\\\",\\\"tanggal_masuk\\\":\\\"2025-07-06\\\",\\\"barang\\\":{\\\"id\\\":15,\\\"kode_barang\\\":\\\"BAR-0000004\\\",\\\"nama_barang\\\":\\\"Selin\\\",\\\"jenis_barang_id\\\":3,\\\"jumlah\\\":13,\\\"satuan\\\":\\\"Pcs\\\",\\\"created_at\\\":\\\"2025-07-04T15:55:05.000000Z\\\",\\\"updated_at\\\":\\\"2025-07-06T08:18:16.000000Z\\\"}}\"', '2025-07-06 01:18:16', '2025-07-06 01:18:16'),
(71, 1, 'Update Barang Masuk', 'BarangMasuk', '\"{\\\"id\\\":\\\"TRM-0000017\\\",\\\"barang_id\\\":\\\"15\\\",\\\"supplier_id\\\":\\\"SUP-0000002\\\",\\\"jumlah\\\":\\\"3\\\",\\\"created_at\\\":\\\"2025-07-06T08:15:46.000000Z\\\",\\\"updated_at\\\":\\\"2025-07-06T08:27:34.000000Z\\\",\\\"tanggal_masuk\\\":\\\"2025-07-06\\\",\\\"barang\\\":{\\\"id\\\":16,\\\"kode_barang\\\":\\\"BAR-0000005\\\",\\\"nama_barang\\\":\\\"b\\\",\\\"jenis_barang_id\\\":2,\\\"jumlah\\\":0,\\\"satuan\\\":\\\"Pcs\\\",\\\"created_at\\\":\\\"2025-07-06T05:09:28.000000Z\\\",\\\"updated_at\\\":\\\"2025-07-06T08:27:34.000000Z\\\"}}\"', '2025-07-06 01:27:34', '2025-07-06 01:27:34'),
(72, 1, 'Update Barang Masuk', 'BarangMasuk', '\"{\\\"id\\\":\\\"TRM-0000017\\\",\\\"barang_id\\\":\\\"15\\\",\\\"supplier_id\\\":\\\"SUP-0000002\\\",\\\"jumlah\\\":\\\"4\\\",\\\"created_at\\\":\\\"2025-07-06T08:15:46.000000Z\\\",\\\"updated_at\\\":\\\"2025-07-06T08:28:04.000000Z\\\",\\\"tanggal_masuk\\\":\\\"2025-07-06\\\",\\\"barang\\\":{\\\"id\\\":15,\\\"kode_barang\\\":\\\"BAR-0000004\\\",\\\"nama_barang\\\":\\\"Selin\\\",\\\"jenis_barang_id\\\":3,\\\"jumlah\\\":16,\\\"satuan\\\":\\\"Pcs\\\",\\\"created_at\\\":\\\"2025-07-04T15:55:05.000000Z\\\",\\\"updated_at\\\":\\\"2025-07-06T08:27:34.000000Z\\\"}}\"', '2025-07-06 01:28:04', '2025-07-06 01:28:04'),
(73, 1, 'Update Barang Masuk', 'BarangMasuk', '\"{\\\"id\\\":\\\"TRM-0000017\\\",\\\"barang_id\\\":\\\"16\\\",\\\"supplier_id\\\":\\\"SUP-0000002\\\",\\\"jumlah\\\":\\\"4\\\",\\\"created_at\\\":\\\"2025-07-06T08:15:46.000000Z\\\",\\\"updated_at\\\":\\\"2025-07-06T08:33:13.000000Z\\\",\\\"tanggal_masuk\\\":\\\"2025-07-06\\\",\\\"barang\\\":{\\\"id\\\":15,\\\"kode_barang\\\":\\\"BAR-0000004\\\",\\\"nama_barang\\\":\\\"Selin\\\",\\\"jenis_barang_id\\\":3,\\\"jumlah\\\":16,\\\"satuan\\\":\\\"Pcs\\\",\\\"created_at\\\":\\\"2025-07-04T15:55:05.000000Z\\\",\\\"updated_at\\\":\\\"2025-07-06T08:33:13.000000Z\\\"}}\"', '2025-07-06 01:33:13', '2025-07-06 01:33:13'),
(74, 1, 'Update Barang Masuk', 'BarangMasuk', '\"{\\\"id\\\":\\\"TRM-0000017\\\",\\\"barang_id\\\":\\\"16\\\",\\\"supplier_id\\\":\\\"SUP-0000002\\\",\\\"jumlah\\\":\\\"3\\\",\\\"created_at\\\":\\\"2025-07-06T08:15:46.000000Z\\\",\\\"updated_at\\\":\\\"2025-07-06T08:33:49.000000Z\\\",\\\"tanggal_masuk\\\":\\\"2025-07-06\\\",\\\"barang\\\":{\\\"id\\\":16,\\\"kode_barang\\\":\\\"BAR-0000005\\\",\\\"nama_barang\\\":\\\"b\\\",\\\"jenis_barang_id\\\":2,\\\"jumlah\\\":4,\\\"satuan\\\":\\\"Pcs\\\",\\\"created_at\\\":\\\"2025-07-06T05:09:28.000000Z\\\",\\\"updated_at\\\":\\\"2025-07-06T08:33:13.000000Z\\\"}}\"', '2025-07-06 01:33:49', '2025-07-06 01:33:49'),
(75, 1, 'Update Barang Masuk', 'BarangMasuk', '\"{\\\"id\\\":\\\"TRM-0000017\\\",\\\"barang_id\\\":\\\"15\\\",\\\"supplier_id\\\":\\\"SUP-0000002\\\",\\\"jumlah\\\":\\\"4\\\",\\\"created_at\\\":\\\"2025-07-06T08:15:46.000000Z\\\",\\\"updated_at\\\":\\\"2025-07-06T08:39:55.000000Z\\\",\\\"tanggal_masuk\\\":\\\"2025-07-06\\\",\\\"barang\\\":{\\\"id\\\":16,\\\"kode_barang\\\":\\\"BAR-0000005\\\",\\\"nama_barang\\\":\\\"b\\\",\\\"jenis_barang_id\\\":2,\\\"jumlah\\\":1,\\\"satuan\\\":\\\"Pcs\\\",\\\"created_at\\\":\\\"2025-07-06T05:09:28.000000Z\\\",\\\"updated_at\\\":\\\"2025-07-06T08:39:55.000000Z\\\"}}\"', '2025-07-06 01:39:55', '2025-07-06 01:39:55'),
(76, 1, 'Update Barang Masuk', 'BarangMasuk', '\"{\\\"id\\\":\\\"TRM-0000017\\\",\\\"barang_id\\\":\\\"16\\\",\\\"supplier_id\\\":\\\"SUP-0000002\\\",\\\"jumlah\\\":\\\"4\\\",\\\"created_at\\\":\\\"2025-07-06T08:15:46.000000Z\\\",\\\"updated_at\\\":\\\"2025-07-06T08:41:29.000000Z\\\",\\\"tanggal_masuk\\\":\\\"2025-07-06\\\",\\\"barang\\\":{\\\"id\\\":15,\\\"kode_barang\\\":\\\"BAR-0000004\\\",\\\"nama_barang\\\":\\\"Selin\\\",\\\"jenis_barang_id\\\":3,\\\"jumlah\\\":16,\\\"satuan\\\":\\\"Pcs\\\",\\\"created_at\\\":\\\"2025-07-04T15:55:05.000000Z\\\",\\\"updated_at\\\":\\\"2025-07-06T08:41:29.000000Z\\\"}}\"', '2025-07-06 01:41:29', '2025-07-06 01:41:29'),
(77, 1, 'Update Barang Masuk', 'BarangMasuk', '\"{\\\"id\\\":\\\"TRM-0000017\\\",\\\"barang_id\\\":\\\"16\\\",\\\"supplier_id\\\":\\\"SUP-0000002\\\",\\\"jumlah\\\":\\\"3\\\",\\\"created_at\\\":\\\"2025-07-06T08:15:46.000000Z\\\",\\\"updated_at\\\":\\\"2025-07-06T08:41:55.000000Z\\\",\\\"tanggal_masuk\\\":\\\"2025-07-06\\\",\\\"barang\\\":{\\\"id\\\":16,\\\"kode_barang\\\":\\\"BAR-0000005\\\",\\\"nama_barang\\\":\\\"b\\\",\\\"jenis_barang_id\\\":2,\\\"jumlah\\\":5,\\\"satuan\\\":\\\"Pcs\\\",\\\"created_at\\\":\\\"2025-07-06T05:09:28.000000Z\\\",\\\"updated_at\\\":\\\"2025-07-06T08:41:29.000000Z\\\"}}\"', '2025-07-06 01:41:55', '2025-07-06 01:41:55'),
(78, 1, 'Update Barang Masuk', 'BarangMasuk', '\"{\\\"id\\\":\\\"TRM-0000017\\\",\\\"barang_id\\\":\\\"16\\\",\\\"supplier_id\\\":\\\"SUP-0000002\\\",\\\"jumlah\\\":\\\"3\\\",\\\"created_at\\\":\\\"2025-07-06T08:15:46.000000Z\\\",\\\"updated_at\\\":\\\"2025-07-06T08:41:55.000000Z\\\",\\\"tanggal_masuk\\\":\\\"2025-07-06\\\",\\\"barang\\\":{\\\"id\\\":16,\\\"kode_barang\\\":\\\"BAR-0000005\\\",\\\"nama_barang\\\":\\\"b\\\",\\\"jenis_barang_id\\\":2,\\\"jumlah\\\":5,\\\"satuan\\\":\\\"Pcs\\\",\\\"created_at\\\":\\\"2025-07-06T05:09:28.000000Z\\\",\\\"updated_at\\\":\\\"2025-07-06T08:41:29.000000Z\\\"}}\"', '2025-07-06 01:50:27', '2025-07-06 01:50:27'),
(79, 1, 'Update Barang Masuk', 'BarangMasuk', '\"{\\\"id\\\":\\\"TRM-0000017\\\",\\\"barang_id\\\":\\\"16\\\",\\\"supplier_id\\\":\\\"SUP-0000002\\\",\\\"jumlah\\\":\\\"4\\\",\\\"created_at\\\":\\\"2025-07-06T08:15:46.000000Z\\\",\\\"updated_at\\\":\\\"2025-07-06T08:50:55.000000Z\\\",\\\"tanggal_masuk\\\":\\\"2025-07-06\\\",\\\"barang\\\":{\\\"id\\\":16,\\\"kode_barang\\\":\\\"BAR-0000005\\\",\\\"nama_barang\\\":\\\"b\\\",\\\"jenis_barang_id\\\":2,\\\"jumlah\\\":5,\\\"satuan\\\":\\\"Pcs\\\",\\\"created_at\\\":\\\"2025-07-06T05:09:28.000000Z\\\",\\\"updated_at\\\":\\\"2025-07-06T08:41:29.000000Z\\\"}}\"', '2025-07-06 01:50:55', '2025-07-06 01:50:55'),
(80, 1, 'Update Barang Masuk', 'BarangMasuk', '\"{\\\"id\\\":\\\"TRM-0000017\\\",\\\"barang_id\\\":\\\"16\\\",\\\"supplier_id\\\":\\\"SUP-0000002\\\",\\\"jumlah\\\":\\\"3\\\",\\\"created_at\\\":\\\"2025-07-06T08:15:46.000000Z\\\",\\\"updated_at\\\":\\\"2025-07-06T09:10:15.000000Z\\\",\\\"tanggal_masuk\\\":\\\"2025-07-06\\\",\\\"barang\\\":{\\\"id\\\":16,\\\"kode_barang\\\":\\\"BAR-0000005\\\",\\\"nama_barang\\\":\\\"b\\\",\\\"jenis_barang_id\\\":2,\\\"jumlah\\\":5,\\\"satuan\\\":\\\"Pcs\\\",\\\"created_at\\\":\\\"2025-07-06T05:09:28.000000Z\\\",\\\"updated_at\\\":\\\"2025-07-06T08:41:29.000000Z\\\"}}\"', '2025-07-06 02:10:15', '2025-07-06 02:10:15'),
(81, 1, 'Update Barang Masuk', 'BarangMasuk', '\"{\\\"id\\\":\\\"TRM-0000017\\\",\\\"barang_id\\\":\\\"16\\\",\\\"supplier_id\\\":\\\"SUP-0000002\\\",\\\"jumlah\\\":\\\"3\\\",\\\"created_at\\\":\\\"2025-07-06T08:15:46.000000Z\\\",\\\"updated_at\\\":\\\"2025-07-06T09:10:15.000000Z\\\",\\\"tanggal_masuk\\\":\\\"2025-07-06\\\",\\\"barang\\\":{\\\"id\\\":16,\\\"kode_barang\\\":\\\"BAR-0000005\\\",\\\"nama_barang\\\":\\\"b\\\",\\\"jenis_barang_id\\\":2,\\\"jumlah\\\":5,\\\"satuan\\\":\\\"Pcs\\\",\\\"created_at\\\":\\\"2025-07-06T05:09:28.000000Z\\\",\\\"updated_at\\\":\\\"2025-07-06T08:41:29.000000Z\\\"}}\"', '2025-07-06 02:30:41', '2025-07-06 02:30:41'),
(82, 1, 'Update Barang Masuk', 'BarangMasuk', '\"{\\\"id\\\":\\\"TRM-0000017\\\",\\\"barang_id\\\":\\\"16\\\",\\\"supplier_id\\\":\\\"SUP-0000002\\\",\\\"jumlah\\\":\\\"3\\\",\\\"created_at\\\":\\\"2025-07-06T08:15:46.000000Z\\\",\\\"updated_at\\\":\\\"2025-07-06T09:10:15.000000Z\\\",\\\"tanggal_masuk\\\":\\\"2025-07-06\\\",\\\"barang\\\":{\\\"id\\\":16,\\\"kode_barang\\\":\\\"BAR-0000005\\\",\\\"nama_barang\\\":\\\"b\\\",\\\"jenis_barang_id\\\":2,\\\"jumlah\\\":5,\\\"satuan\\\":\\\"Pcs\\\",\\\"created_at\\\":\\\"2025-07-06T05:09:28.000000Z\\\",\\\"updated_at\\\":\\\"2025-07-06T08:41:29.000000Z\\\"}}\"', '2025-07-06 02:44:37', '2025-07-06 02:44:37'),
(83, 1, 'Update Barang Masuk', 'BarangMasuk', '\"{\\\"id\\\":\\\"TRM-0000017\\\",\\\"barang_id\\\":\\\"16\\\",\\\"supplier_id\\\":\\\"SUP-0000002\\\",\\\"jumlah\\\":\\\"4\\\",\\\"created_at\\\":\\\"2025-07-06T08:15:46.000000Z\\\",\\\"updated_at\\\":\\\"2025-07-06T09:45:04.000000Z\\\",\\\"tanggal_masuk\\\":\\\"2025-07-06\\\",\\\"barang\\\":{\\\"id\\\":16,\\\"kode_barang\\\":\\\"BAR-0000005\\\",\\\"nama_barang\\\":\\\"b\\\",\\\"jenis_barang_id\\\":2,\\\"jumlah\\\":5,\\\"satuan\\\":\\\"Pcs\\\",\\\"created_at\\\":\\\"2025-07-06T05:09:28.000000Z\\\",\\\"updated_at\\\":\\\"2025-07-06T08:41:29.000000Z\\\"}}\"', '2025-07-06 02:45:04', '2025-07-06 02:45:04'),
(84, 1, 'Update Barang Masuk', 'BarangMasuk', '\"{\\\"id\\\":\\\"TRM-0000019\\\",\\\"barang_id\\\":\\\"15\\\",\\\"supplier_id\\\":\\\"SUP-0000001\\\",\\\"jumlah\\\":\\\"4\\\",\\\"created_at\\\":\\\"2025-07-06T16:28:47.000000Z\\\",\\\"updated_at\\\":\\\"2025-07-06T16:56:46.000000Z\\\",\\\"tanggal_masuk\\\":\\\"2025-07-06\\\",\\\"barang\\\":{\\\"id\\\":16,\\\"kode_barang\\\":\\\"BAR-0000005\\\",\\\"nama_barang\\\":\\\"b\\\",\\\"jenis_barang_id\\\":2,\\\"jumlah\\\":-1,\\\"satuan\\\":\\\"Pcs\\\",\\\"created_at\\\":\\\"2025-07-06T05:09:28.000000Z\\\",\\\"updated_at\\\":\\\"2025-07-06T16:56:46.000000Z\\\"}}\"', '2025-07-06 09:56:46', '2025-07-06 09:56:46'),
(85, 1, 'Update Barang Masuk', 'BarangMasuk', '\"{\\\"id\\\":\\\"TRM-0000019\\\",\\\"barang_id\\\":\\\"15\\\",\\\"supplier_id\\\":\\\"SUP-0000001\\\",\\\"jumlah\\\":\\\"4\\\",\\\"created_at\\\":\\\"2025-07-06T16:28:47.000000Z\\\",\\\"updated_at\\\":\\\"2025-07-06T16:56:46.000000Z\\\",\\\"tanggal_masuk\\\":\\\"2025-07-06\\\",\\\"barang\\\":{\\\"id\\\":15,\\\"kode_barang\\\":\\\"BAR-0000004\\\",\\\"nama_barang\\\":\\\"Selin\\\",\\\"jenis_barang_id\\\":3,\\\"jumlah\\\":16,\\\"satuan\\\":\\\"Pcs\\\",\\\"created_at\\\":\\\"2025-07-04T15:55:05.000000Z\\\",\\\"updated_at\\\":\\\"2025-07-06T08:41:29.000000Z\\\"}}\"', '2025-07-06 10:06:37', '2025-07-06 10:06:37'),
(86, 1, 'Update Barang Masuk', 'BarangMasuk', '\"{\\\"id\\\":\\\"TRM-0000019\\\",\\\"barang_id\\\":\\\"15\\\",\\\"supplier_id\\\":\\\"SUP-0000001\\\",\\\"jumlah\\\":\\\"4\\\",\\\"created_at\\\":\\\"2025-07-06T16:28:47.000000Z\\\",\\\"updated_at\\\":\\\"2025-07-06T16:56:46.000000Z\\\",\\\"tanggal_masuk\\\":\\\"2025-07-06\\\",\\\"barang\\\":{\\\"id\\\":15,\\\"kode_barang\\\":\\\"BAR-0000004\\\",\\\"nama_barang\\\":\\\"Selin\\\",\\\"jenis_barang_id\\\":3,\\\"jumlah\\\":20,\\\"satuan\\\":\\\"Pcs\\\",\\\"created_at\\\":\\\"2025-07-04T15:55:05.000000Z\\\",\\\"updated_at\\\":\\\"2025-07-06T08:41:29.000000Z\\\"}}\"', '2025-07-06 10:15:27', '2025-07-06 10:15:27'),
(87, 1, 'Update Barang Masuk', 'BarangMasuk', '\"{\\\"id\\\":\\\"TRM-0000019\\\",\\\"barang_id\\\":\\\"16\\\",\\\"supplier_id\\\":\\\"SUP-0000001\\\",\\\"jumlah\\\":\\\"4\\\",\\\"created_at\\\":\\\"2025-07-06T16:28:47.000000Z\\\",\\\"updated_at\\\":\\\"2025-07-06T17:15:45.000000Z\\\",\\\"tanggal_masuk\\\":\\\"2025-07-06\\\",\\\"barang\\\":{\\\"id\\\":15,\\\"kode_barang\\\":\\\"BAR-0000004\\\",\\\"nama_barang\\\":\\\"Selin\\\",\\\"jenis_barang_id\\\":3,\\\"jumlah\\\":16,\\\"satuan\\\":\\\"Pcs\\\",\\\"created_at\\\":\\\"2025-07-04T15:55:05.000000Z\\\",\\\"updated_at\\\":\\\"2025-07-06T17:15:45.000000Z\\\"}}\"', '2025-07-06 10:15:45', '2025-07-06 10:15:45'),
(88, 1, 'Update Barang Masuk', 'BarangMasuk', '\"{\\\"id\\\":\\\"TRM-0000019\\\",\\\"barang_id\\\":\\\"15\\\",\\\"supplier_id\\\":\\\"SUP-0000001\\\",\\\"jumlah\\\":\\\"4\\\",\\\"created_at\\\":\\\"2025-07-06T16:28:47.000000Z\\\",\\\"updated_at\\\":\\\"2025-07-06T17:18:09.000000Z\\\",\\\"tanggal_masuk\\\":\\\"2025-07-06\\\",\\\"barang\\\":{\\\"id\\\":16,\\\"kode_barang\\\":\\\"BAR-0000005\\\",\\\"nama_barang\\\":\\\"b\\\",\\\"jenis_barang_id\\\":2,\\\"jumlah\\\":2,\\\"satuan\\\":\\\"Pcs\\\",\\\"created_at\\\":\\\"2025-07-06T05:09:28.000000Z\\\",\\\"updated_at\\\":\\\"2025-07-06T17:18:09.000000Z\\\"}}\"', '2025-07-06 10:18:09', '2025-07-06 10:18:09'),
(89, 1, 'Update Barang Masuk', 'BarangMasuk', '\"{\\\"id\\\":\\\"TRM-0000019\\\",\\\"barang_id\\\":\\\"15\\\",\\\"supplier_id\\\":\\\"SUP-0000001\\\",\\\"jumlah\\\":\\\"4\\\",\\\"created_at\\\":\\\"2025-07-06T16:28:47.000000Z\\\",\\\"updated_at\\\":\\\"2025-07-06T17:18:09.000000Z\\\",\\\"tanggal_masuk\\\":\\\"2025-07-06\\\",\\\"barang\\\":{\\\"id\\\":15,\\\"kode_barang\\\":\\\"BAR-0000004\\\",\\\"nama_barang\\\":\\\"Selin\\\",\\\"jenis_barang_id\\\":3,\\\"jumlah\\\":20,\\\"satuan\\\":\\\"Pcs\\\",\\\"created_at\\\":\\\"2025-07-04T15:55:05.000000Z\\\",\\\"updated_at\\\":\\\"2025-07-06T17:18:09.000000Z\\\"}}\"', '2025-07-06 10:19:05', '2025-07-06 10:19:05'),
(90, 1, 'Update Barang Masuk', 'BarangMasuk', '\"{\\\"id\\\":\\\"TRM-0000019\\\",\\\"barang_id\\\":\\\"16\\\",\\\"supplier_id\\\":\\\"SUP-0000001\\\",\\\"jumlah\\\":\\\"4\\\",\\\"created_at\\\":\\\"2025-07-06T16:28:47.000000Z\\\",\\\"updated_at\\\":\\\"2025-07-06T17:19:14.000000Z\\\",\\\"tanggal_masuk\\\":\\\"2025-07-06\\\",\\\"barang\\\":{\\\"id\\\":15,\\\"kode_barang\\\":\\\"BAR-0000004\\\",\\\"nama_barang\\\":\\\"Selin\\\",\\\"jenis_barang_id\\\":3,\\\"jumlah\\\":16,\\\"satuan\\\":\\\"Pcs\\\",\\\"created_at\\\":\\\"2025-07-04T15:55:05.000000Z\\\",\\\"updated_at\\\":\\\"2025-07-06T17:19:14.000000Z\\\"}}\"', '2025-07-06 10:19:14', '2025-07-06 10:19:14'),
(91, 1, 'Update Barang Masuk', 'BarangMasuk', '\"{\\\"id\\\":\\\"TRM-0000019\\\",\\\"barang_id\\\":\\\"16\\\",\\\"supplier_id\\\":\\\"SUP-0000001\\\",\\\"jumlah\\\":\\\"6\\\",\\\"created_at\\\":\\\"2025-07-06T16:28:47.000000Z\\\",\\\"updated_at\\\":\\\"2025-07-06T17:20:22.000000Z\\\",\\\"tanggal_masuk\\\":\\\"2025-07-06\\\",\\\"barang\\\":{\\\"id\\\":16,\\\"kode_barang\\\":\\\"BAR-0000005\\\",\\\"nama_barang\\\":\\\"b\\\",\\\"jenis_barang_id\\\":2,\\\"jumlah\\\":6,\\\"satuan\\\":\\\"Pcs\\\",\\\"created_at\\\":\\\"2025-07-06T05:09:28.000000Z\\\",\\\"updated_at\\\":\\\"2025-07-06T17:19:14.000000Z\\\"}}\"', '2025-07-06 10:20:22', '2025-07-06 10:20:22'),
(92, 1, 'Create Barang Keluar', 'BarangKeluar', '\"{\\\"barang_id\\\":\\\"16\\\",\\\"jumlah_keluar\\\":\\\"4\\\",\\\"penjual\\\":\\\"4\\\",\\\"pembeli\\\":\\\"Ardiono\\\",\\\"no_telp\\\":\\\"09202392041213\\\",\\\"tujuan\\\":\\\"kshdaosjdoaisjdoaisjdaoisjd\\\",\\\"tanggal_keluar\\\":\\\"2025-07-07\\\",\\\"id\\\":\\\"TRK-0000008\\\",\\\"updated_at\\\":\\\"2025-07-06T17:34:04.000000Z\\\",\\\"created_at\\\":\\\"2025-07-06T17:34:04.000000Z\\\"}\"', '2025-07-06 10:34:04', '2025-07-06 10:34:04'),
(93, 1, 'Update Barang Keluar', 'BarangKeluar', '\"{\\\"id\\\":\\\"TRK-0000008\\\",\\\"barang_id\\\":\\\"15\\\",\\\"jumlah_keluar\\\":\\\"4\\\",\\\"tujuan\\\":\\\"kshdaosjdoaisjdoaisjdaoisjd\\\",\\\"created_at\\\":\\\"2025-07-06T17:34:04.000000Z\\\",\\\"updated_at\\\":\\\"2025-07-06T17:39:10.000000Z\\\",\\\"pembeli\\\":\\\"Ardiono\\\",\\\"no_telp\\\":\\\"09202392041213\\\",\\\"penjual\\\":\\\"4\\\",\\\"tanggal_keluar\\\":\\\"2025-07-07\\\",\\\"barang\\\":{\\\"id\\\":16,\\\"kode_barang\\\":\\\"BAR-0000005\\\",\\\"nama_barang\\\":\\\"b\\\",\\\"jenis_barang_id\\\":2,\\\"jumlah\\\":4,\\\"satuan\\\":\\\"Pcs\\\",\\\"created_at\\\":\\\"2025-07-06T05:09:28.000000Z\\\",\\\"updated_at\\\":\\\"2025-07-06T17:34:04.000000Z\\\"}}\"', '2025-07-06 10:39:10', '2025-07-06 10:39:10'),
(94, 1, 'Update Barang Keluar', 'BarangKeluar', '\"{\\\"id\\\":\\\"TRK-0000008\\\",\\\"barang_id\\\":\\\"16\\\",\\\"jumlah_keluar\\\":\\\"4\\\",\\\"tujuan\\\":\\\"kshdaosjdoaisjdoaisjdaoisjd\\\",\\\"created_at\\\":\\\"2025-07-06T17:34:04.000000Z\\\",\\\"updated_at\\\":\\\"2025-07-06T18:15:18.000000Z\\\",\\\"pembeli\\\":\\\"Ardiono\\\",\\\"no_telp\\\":\\\"09202392041213\\\",\\\"penjual\\\":\\\"4\\\",\\\"tanggal_keluar\\\":\\\"2025-07-07\\\",\\\"barang\\\":{\\\"id\\\":15,\\\"kode_barang\\\":\\\"BAR-0000004\\\",\\\"nama_barang\\\":\\\"Selin\\\",\\\"jenis_barang_id\\\":3,\\\"jumlah\\\":16,\\\"satuan\\\":\\\"Pcs\\\",\\\"created_at\\\":\\\"2025-07-04T15:55:05.000000Z\\\",\\\"updated_at\\\":\\\"2025-07-06T18:03:00.000000Z\\\"}}\"', '2025-07-06 11:15:18', '2025-07-06 11:15:18'),
(95, 1, 'Update Barang Keluar', 'BarangKeluar', '\"{\\\"id\\\":\\\"TRK-0000008\\\",\\\"barang_id\\\":\\\"16\\\",\\\"jumlah_keluar\\\":\\\"5\\\",\\\"tujuan\\\":\\\"kshdaosjdoaisjdoaisjdaoisjd\\\",\\\"created_at\\\":\\\"2025-07-06T17:34:04.000000Z\\\",\\\"updated_at\\\":\\\"2025-07-06T18:45:36.000000Z\\\",\\\"pembeli\\\":\\\"Ardiono\\\",\\\"no_telp\\\":\\\"09202392041213\\\",\\\"penjual\\\":\\\"4\\\",\\\"tanggal_keluar\\\":\\\"2025-07-07\\\",\\\"barang\\\":{\\\"id\\\":16,\\\"kode_barang\\\":\\\"BAR-0000005\\\",\\\"nama_barang\\\":\\\"b\\\",\\\"jenis_barang_id\\\":2,\\\"jumlah\\\":8,\\\"satuan\\\":\\\"Pcs\\\",\\\"created_at\\\":\\\"2025-07-06T05:09:28.000000Z\\\",\\\"updated_at\\\":\\\"2025-07-06T18:15:18.000000Z\\\"}}\"', '2025-07-06 11:45:36', '2025-07-06 11:45:36'),
(96, 1, 'Update Barang Keluar', 'BarangKeluar', '\"{\\\"id\\\":\\\"TRK-0000008\\\",\\\"barang_id\\\":\\\"16\\\",\\\"jumlah_keluar\\\":\\\"5\\\",\\\"tujuan\\\":\\\"kshdaosjdoaisjdoaisjdaoisjd\\\",\\\"created_at\\\":\\\"2025-07-06T17:34:04.000000Z\\\",\\\"updated_at\\\":\\\"2025-07-06T18:45:36.000000Z\\\",\\\"pembeli\\\":\\\"Ardiono\\\",\\\"no_telp\\\":\\\"09202392041213\\\",\\\"penjual\\\":\\\"4\\\",\\\"tanggal_keluar\\\":\\\"2025-07-07\\\",\\\"barang\\\":{\\\"id\\\":16,\\\"kode_barang\\\":\\\"BAR-0000005\\\",\\\"nama_barang\\\":\\\"b\\\",\\\"jenis_barang_id\\\":2,\\\"jumlah\\\":4,\\\"satuan\\\":\\\"Pcs\\\",\\\"created_at\\\":\\\"2025-07-06T05:09:28.000000Z\\\",\\\"updated_at\\\":\\\"2025-07-06T18:46:31.000000Z\\\"}}\"', '2025-07-06 12:15:07', '2025-07-06 12:15:07'),
(97, 1, 'Update Barang Keluar', 'BarangKeluar', '\"{\\\"id\\\":\\\"TRK-0000008\\\",\\\"barang_id\\\":\\\"16\\\",\\\"jumlah_keluar\\\":\\\"5\\\",\\\"tujuan\\\":\\\"kshdaosjdoaisjdoaisjdaoisjd\\\",\\\"created_at\\\":\\\"2025-07-06T17:34:04.000000Z\\\",\\\"updated_at\\\":\\\"2025-07-06T18:45:36.000000Z\\\",\\\"pembeli\\\":\\\"Ardiono\\\",\\\"no_telp\\\":\\\"09202392041213\\\",\\\"penjual\\\":\\\"4\\\",\\\"tanggal_keluar\\\":\\\"2025-07-07\\\",\\\"barang\\\":{\\\"id\\\":16,\\\"kode_barang\\\":\\\"BAR-0000005\\\",\\\"nama_barang\\\":\\\"b\\\",\\\"jenis_barang_id\\\":2,\\\"jumlah\\\":4,\\\"satuan\\\":\\\"Pcs\\\",\\\"created_at\\\":\\\"2025-07-06T05:09:28.000000Z\\\",\\\"updated_at\\\":\\\"2025-07-06T18:46:31.000000Z\\\"}}\"', '2025-07-06 12:15:51', '2025-07-06 12:15:51'),
(98, 1, 'Update Barang Keluar', 'BarangKeluar', '\"{\\\"id\\\":\\\"TRK-0000008\\\",\\\"barang_id\\\":\\\"15\\\",\\\"jumlah_keluar\\\":\\\"5\\\",\\\"tujuan\\\":\\\"kshdaosjdoaisjdoaisjdaoisjd\\\",\\\"created_at\\\":\\\"2025-07-06T17:34:04.000000Z\\\",\\\"updated_at\\\":\\\"2025-07-06T19:17:44.000000Z\\\",\\\"pembeli\\\":\\\"Ardiono\\\",\\\"no_telp\\\":\\\"09202392041213\\\",\\\"penjual\\\":\\\"4\\\",\\\"tanggal_keluar\\\":\\\"2025-07-07\\\",\\\"barang\\\":{\\\"id\\\":16,\\\"kode_barang\\\":\\\"BAR-0000005\\\",\\\"nama_barang\\\":\\\"b\\\",\\\"jenis_barang_id\\\":2,\\\"jumlah\\\":8,\\\"satuan\\\":\\\"Pcs\\\",\\\"created_at\\\":\\\"2025-07-06T05:09:28.000000Z\\\",\\\"updated_at\\\":\\\"2025-07-06T19:17:44.000000Z\\\"}}\"', '2025-07-06 12:17:44', '2025-07-06 12:17:44'),
(99, 1, 'Update Barang Keluar', 'BarangKeluar', '\"{\\\"id\\\":\\\"TRK-0000008\\\",\\\"barang_id\\\":\\\"16\\\",\\\"jumlah_keluar\\\":\\\"5\\\",\\\"tujuan\\\":\\\"kshdaosjdoaisjdoaisjdaoisjd\\\",\\\"created_at\\\":\\\"2025-07-06T17:34:04.000000Z\\\",\\\"updated_at\\\":\\\"2025-07-06T19:38:06.000000Z\\\",\\\"pembeli\\\":\\\"Ardiono\\\",\\\"no_telp\\\":\\\"09202392041213\\\",\\\"penjual\\\":\\\"4\\\",\\\"tanggal_keluar\\\":\\\"2025-07-07\\\",\\\"barang\\\":{\\\"id\\\":15,\\\"kode_barang\\\":\\\"BAR-0000004\\\",\\\"nama_barang\\\":\\\"Selin\\\",\\\"jenis_barang_id\\\":3,\\\"jumlah\\\":16,\\\"satuan\\\":\\\"Pcs\\\",\\\"created_at\\\":\\\"2025-07-04T15:55:05.000000Z\\\",\\\"updated_at\\\":\\\"2025-07-06T19:38:06.000000Z\\\"}}\"', '2025-07-06 12:38:06', '2025-07-06 12:38:06'),
(100, 1, 'Update Barang Keluar', 'BarangKeluar', '\"{\\\"id\\\":\\\"TRK-0000008\\\",\\\"barang_id\\\":\\\"16\\\",\\\"jumlah_keluar\\\":\\\"6\\\",\\\"tujuan\\\":\\\"kshdaosjdoaisjdoaisjdaoisjd\\\",\\\"created_at\\\":\\\"2025-07-06T17:34:04.000000Z\\\",\\\"updated_at\\\":\\\"2025-07-06T19:38:24.000000Z\\\",\\\"pembeli\\\":\\\"Ardiono\\\",\\\"no_telp\\\":\\\"09202392041213\\\",\\\"penjual\\\":\\\"4\\\",\\\"tanggal_keluar\\\":\\\"2025-07-07\\\",\\\"barang\\\":{\\\"id\\\":16,\\\"kode_barang\\\":\\\"BAR-0000005\\\",\\\"nama_barang\\\":\\\"b\\\",\\\"jenis_barang_id\\\":2,\\\"jumlah\\\":3,\\\"satuan\\\":\\\"Pcs\\\",\\\"created_at\\\":\\\"2025-07-06T05:09:28.000000Z\\\",\\\"updated_at\\\":\\\"2025-07-06T19:38:06.000000Z\\\"}}\"', '2025-07-06 12:38:24', '2025-07-06 12:38:24');
INSERT INTO `activity_logs` (`id`, `user_id`, `action`, `model`, `data`, `created_at`, `updated_at`) VALUES
(101, 1, 'Update Barang Keluar', 'BarangKeluar', '\"{\\\"id\\\":\\\"TRK-0000008\\\",\\\"barang_id\\\":\\\"16\\\",\\\"jumlah_keluar\\\":\\\"6\\\",\\\"tujuan\\\":\\\"kshdaosjdoaisjdoaisjdaoisjd\\\",\\\"created_at\\\":\\\"2025-07-06T17:34:04.000000Z\\\",\\\"updated_at\\\":\\\"2025-07-06T19:38:24.000000Z\\\",\\\"pembeli\\\":\\\"Ardiono\\\",\\\"no_telp\\\":\\\"09202392041213\\\",\\\"penjual\\\":\\\"4\\\",\\\"tanggal_keluar\\\":\\\"2025-07-07\\\",\\\"barang\\\":{\\\"id\\\":16,\\\"kode_barang\\\":\\\"BAR-0000005\\\",\\\"nama_barang\\\":\\\"b\\\",\\\"jenis_barang_id\\\":2,\\\"jumlah\\\":2,\\\"satuan\\\":\\\"Pcs\\\",\\\"created_at\\\":\\\"2025-07-06T05:09:28.000000Z\\\",\\\"updated_at\\\":\\\"2025-07-06T19:38:24.000000Z\\\"}}\"', '2025-07-06 12:38:44', '2025-07-06 12:38:44'),
(102, 1, 'Update Barang Keluar', 'BarangKeluar', '\"{\\\"id\\\":\\\"TRK-0000008\\\",\\\"barang_id\\\":\\\"16\\\",\\\"jumlah_keluar\\\":\\\"2\\\",\\\"tujuan\\\":\\\"kshdaosjdoaisjdoaisjdaoisjd\\\",\\\"created_at\\\":\\\"2025-07-06T17:34:04.000000Z\\\",\\\"updated_at\\\":\\\"2025-07-06T19:39:02.000000Z\\\",\\\"pembeli\\\":\\\"Ardiono\\\",\\\"no_telp\\\":\\\"09202392041213\\\",\\\"penjual\\\":\\\"4\\\",\\\"tanggal_keluar\\\":\\\"2025-07-07\\\",\\\"barang\\\":{\\\"id\\\":16,\\\"kode_barang\\\":\\\"BAR-0000005\\\",\\\"nama_barang\\\":\\\"b\\\",\\\"jenis_barang_id\\\":2,\\\"jumlah\\\":6,\\\"satuan\\\":\\\"Pcs\\\",\\\"created_at\\\":\\\"2025-07-06T05:09:28.000000Z\\\",\\\"updated_at\\\":\\\"2025-07-06T19:39:02.000000Z\\\"}}\"', '2025-07-06 12:39:02', '2025-07-06 12:39:02'),
(103, 1, 'Update Barang Keluar', 'BarangKeluar', '\"{\\\"id\\\":\\\"TRK-0000008\\\",\\\"barang_id\\\":\\\"16\\\",\\\"jumlah_keluar\\\":\\\"2\\\",\\\"tujuan\\\":\\\"kshdaosjdoaisjdoaisjdaoisjd\\\",\\\"created_at\\\":\\\"2025-07-06T17:34:04.000000Z\\\",\\\"updated_at\\\":\\\"2025-07-06T19:39:02.000000Z\\\",\\\"pembeli\\\":\\\"Ardiono\\\",\\\"no_telp\\\":\\\"09202392041213\\\",\\\"penjual\\\":\\\"4\\\",\\\"tanggal_keluar\\\":\\\"2025-07-07\\\",\\\"barang\\\":{\\\"id\\\":16,\\\"kode_barang\\\":\\\"BAR-0000005\\\",\\\"nama_barang\\\":\\\"b\\\",\\\"jenis_barang_id\\\":2,\\\"jumlah\\\":6,\\\"satuan\\\":\\\"Pcs\\\",\\\"created_at\\\":\\\"2025-07-06T05:09:28.000000Z\\\",\\\"updated_at\\\":\\\"2025-07-06T19:39:02.000000Z\\\"}}\"', '2025-07-06 12:40:04', '2025-07-06 12:40:04'),
(104, 1, 'Update Barang Keluar', 'BarangKeluar', '\"{\\\"id\\\":\\\"TRK-0000008\\\",\\\"barang_id\\\":\\\"16\\\",\\\"jumlah_keluar\\\":\\\"3\\\",\\\"tujuan\\\":\\\"kshdaosjdoaisjdoaisjdaoisjd\\\",\\\"created_at\\\":\\\"2025-07-06T17:34:04.000000Z\\\",\\\"updated_at\\\":\\\"2025-07-06T19:40:18.000000Z\\\",\\\"pembeli\\\":\\\"Ardiono\\\",\\\"no_telp\\\":\\\"09202392041213\\\",\\\"penjual\\\":\\\"4\\\",\\\"tanggal_keluar\\\":\\\"2025-07-07\\\",\\\"barang\\\":{\\\"id\\\":16,\\\"kode_barang\\\":\\\"BAR-0000005\\\",\\\"nama_barang\\\":\\\"b\\\",\\\"jenis_barang_id\\\":2,\\\"jumlah\\\":6,\\\"satuan\\\":\\\"Pcs\\\",\\\"created_at\\\":\\\"2025-07-06T05:09:28.000000Z\\\",\\\"updated_at\\\":\\\"2025-07-06T19:39:02.000000Z\\\"}}\"', '2025-07-06 12:40:18', '2025-07-06 12:40:18'),
(105, 1, 'Update Barang Keluar', 'BarangKeluar', '\"{\\\"id\\\":\\\"TRK-0000008\\\",\\\"barang_id\\\":\\\"15\\\",\\\"jumlah_keluar\\\":\\\"3\\\",\\\"tujuan\\\":\\\"kshdaosjdoaisjdoaisjdaoisjd\\\",\\\"created_at\\\":\\\"2025-07-06T17:34:04.000000Z\\\",\\\"updated_at\\\":\\\"2025-07-06T19:40:32.000000Z\\\",\\\"pembeli\\\":\\\"Ardiono\\\",\\\"no_telp\\\":\\\"09202392041213\\\",\\\"penjual\\\":\\\"4\\\",\\\"tanggal_keluar\\\":\\\"2025-07-07\\\",\\\"barang\\\":{\\\"id\\\":16,\\\"kode_barang\\\":\\\"BAR-0000005\\\",\\\"nama_barang\\\":\\\"b\\\",\\\"jenis_barang_id\\\":2,\\\"jumlah\\\":8,\\\"satuan\\\":\\\"Pcs\\\",\\\"created_at\\\":\\\"2025-07-06T05:09:28.000000Z\\\",\\\"updated_at\\\":\\\"2025-07-06T19:40:32.000000Z\\\"}}\"', '2025-07-06 12:40:32', '2025-07-06 12:40:32');

-- --------------------------------------------------------

--
-- Struktur dari tabel `barangs`
--

CREATE TABLE `barangs` (
  `id` bigint(20) UNSIGNED NOT NULL,
  `kode_barang` varchar(255) NOT NULL,
  `nama_barang` varchar(255) NOT NULL,
  `jenis_barang_id` bigint(20) UNSIGNED NOT NULL,
  `jumlah` int(11) NOT NULL DEFAULT 0,
  `satuan` varchar(255) NOT NULL,
  `created_at` timestamp NULL DEFAULT NULL,
  `updated_at` timestamp NULL DEFAULT NULL
) ENGINE=InnoDB DEFAULT CHARSET=utf8mb4 COLLATE=utf8mb4_unicode_ci;

--
-- Dumping data untuk tabel `barangs`
--

INSERT INTO `barangs` (`id`, `kode_barang`, `nama_barang`, `jenis_barang_id`, `jumlah`, `satuan`, `created_at`, `updated_at`) VALUES
(12, 'BAR-0000001', 'Castello', 2, 138, 'Pcs', '2025-05-29 12:07:14', '2025-06-24 19:37:57'),
(13, 'BAR-0000002', 'Suna', 3, 139, 'Batang', '2025-06-20 05:26:31', '2025-06-24 19:37:57'),
(14, 'BAR-0000003', 'Waslin', 3, 0, 'Unit', '2025-06-25 04:36:37', '2025-06-25 04:36:37'),
(15, 'BAR-0000004', 'Selin', 3, 13, 'Pcs', '2025-07-04 08:55:05', '2025-07-06 12:40:32'),
(16, 'BAR-0000005', 'b', 2, 8, 'Pcs', '2025-07-05 22:09:28', '2025-07-06 12:40:32');

-- --------------------------------------------------------

--
-- Struktur dari tabel `barang_keluars`
--

CREATE TABLE `barang_keluars` (
  `id` varchar(255) NOT NULL,
  `barang_id` bigint(20) UNSIGNED NOT NULL,
  `jumlah_keluar` int(11) NOT NULL,
  `tujuan` varchar(255) NOT NULL,
  `created_at` timestamp NULL DEFAULT NULL,
  `updated_at` timestamp NULL DEFAULT NULL,
  `pembeli` varchar(255) NOT NULL,
  `no_telp` varchar(255) NOT NULL,
  `penjual` varchar(255) NOT NULL,
  `tanggal_keluar` date DEFAULT NULL
) ENGINE=InnoDB DEFAULT CHARSET=utf8mb4 COLLATE=utf8mb4_unicode_ci;

--
-- Dumping data untuk tabel `barang_keluars`
--

INSERT INTO `barang_keluars` (`id`, `barang_id`, `jumlah_keluar`, `tujuan`, `created_at`, `updated_at`, `pembeli`, `no_telp`, `penjual`, `tanggal_keluar`) VALUES
('TRK-0000001', 12, 1, 'ahskdb', '2025-06-22 15:26:14', '2025-06-22 15:26:14', 'me', '9823', '4', NULL),
('TRK-0000002', 12, 2, '123233', '2025-06-22 16:18:58', '2025-06-22 16:18:58', 'asa', '0923233234', '2', NULL),
('TRK-0000003', 12, 54, 'akjbsdkjaskdanksdjnasdasd', '2025-06-22 17:35:43', '2025-06-22 17:35:43', 'Ardiono', '098238832873', '6', NULL),
('TRK-0000004', 12, 10, 'kjdawd', '2025-06-22 18:02:34', '2025-06-23 04:22:20', 'asdwdw', '0920239204', '3', '2025-06-20'),
('TRK-0000005', 12, 20, 'jasdjaskdjawkjdawdasd', '2025-06-23 02:54:01', '2025-06-23 04:22:07', 'ksdjnawjd', '9323280223232', '3', '2025-06-19'),
('TRK-0000006', 13, 34, 'kajda', '2025-06-23 04:12:25', '2025-06-23 04:12:25', 'kkjadajsd', '11324323423', '5', '2025-06-19'),
('TRK-0000007', 15, 2, 'kshdaosjdoaisjdoaisjdaoisjd', '2025-07-05 23:46:49', '2025-07-05 23:47:08', 'sodiaj', '923928739828372', '3', '2025-07-06'),
('TRK-0000008', 15, 3, 'kshdaosjdoaisjdoaisjdaoisjd', '2025-07-06 10:34:04', '2025-07-06 12:40:32', 'Ardiono', '09202392041213', '4', '2025-07-07');

-- --------------------------------------------------------

--
-- Struktur dari tabel `barang_masuks`
--

CREATE TABLE `barang_masuks` (
  `id` varchar(20) NOT NULL,
  `barang_id` bigint(20) UNSIGNED NOT NULL,
  `supplier_id` varchar(255) NOT NULL,
  `jumlah` int(11) NOT NULL,
  `created_at` timestamp NULL DEFAULT NULL,
  `updated_at` timestamp NULL DEFAULT NULL,
  `tanggal_masuk` date DEFAULT NULL
) ENGINE=InnoDB DEFAULT CHARSET=utf8mb4 COLLATE=utf8mb4_unicode_ci;

--
-- Dumping data untuk tabel `barang_masuks`
--

INSERT INTO `barang_masuks` (`id`, `barang_id`, `supplier_id`, `jumlah`, `created_at`, `updated_at`, `tanggal_masuk`) VALUES
('TRM-0000001', 12, 'SUP-0000001', 69, '2025-05-29 12:07:51', '2025-06-23 00:12:43', '2025-06-20'),
('TRM-0000002', 13, 'SUP-0000002', 100, '2025-06-20 09:36:30', '2025-06-23 00:12:56', '2025-06-13'),
('TRM-0000003', 12, 'SUP-0000001', 20, '2025-06-22 18:02:03', '2025-06-23 03:50:48', '2025-06-21'),
('TRM-0000004', 12, 'SUP-0000002', 3, '2025-06-22 22:56:40', '2025-06-23 03:50:38', '2025-06-20'),
('TRM-0000005', 12, 'SUP-0000001', 2, '2025-06-22 22:57:12', '2025-06-22 22:57:12', NULL),
('TRM-0000006', 12, 'SUP-0000001', 6, '2025-06-22 23:04:48', '2025-06-22 23:04:48', NULL),
('TRM-0000007', 12, 'SUP-0000003', 3, '2025-06-22 23:29:55', '2025-06-22 23:29:55', NULL),
('TRM-0000008', 13, 'SUP-0000003', 1, '2025-06-22 23:40:46', '2025-06-22 23:40:46', NULL),
('TRM-0000009', 13, 'SUP-0000002', 2, '2025-06-22 23:47:53', '2025-06-22 23:47:53', NULL),
('TRM-0000010', 13, 'SUP-0000002', 2, '2025-06-23 00:11:45', '2025-06-23 03:50:22', '2025-06-18'),
('TRM-0000011', 12, 'SUP-0000004', 6, '2025-06-23 03:02:02', '2025-06-23 03:02:02', '2025-06-20'),
('TRM-0000012', 13, 'SUP-0000004', 69, '2025-06-23 03:02:55', '2025-06-23 03:02:55', '2025-06-28'),
('TRM-0000013', 12, 'SUP-0000004', 100, '2025-06-23 03:40:27', '2025-06-23 03:40:27', '2025-06-16'),
('TRM-0000014', 12, 'SUP-0000002', 7, '2025-06-24 19:10:44', '2025-06-24 19:37:57', '2025-06-20'),
('TRM-0000015', 15, 'SUP-0000002', 10, '2025-07-04 08:55:29', '2025-07-04 08:55:29', '2025-07-04'),
('TRM-0000016', 15, 'SUP-0000002', 3, '2025-07-05 23:53:00', '2025-07-05 23:53:00', '2025-07-06'),
('TRM-0000017', 16, 'SUP-0000001', 1, '2025-07-06 09:08:31', '2025-07-06 09:10:38', '2025-07-06'),
('TRM-0000018', 16, 'SUP-0000002', 1, '2025-07-06 09:26:41', '2025-07-06 09:26:41', '2025-07-06'),
('TRM-0000019', 16, 'SUP-0000001', 6, '2025-07-06 09:28:47', '2025-07-06 10:20:22', '2025-07-06');

-- --------------------------------------------------------

--
-- Struktur dari tabel `cache`
--

CREATE TABLE `cache` (
  `key` varchar(255) NOT NULL,
  `value` mediumtext NOT NULL,
  `expiration` int(11) NOT NULL
) ENGINE=InnoDB DEFAULT CHARSET=utf8mb4 COLLATE=utf8mb4_unicode_ci;

-- --------------------------------------------------------

--
-- Struktur dari tabel `cache_locks`
--

CREATE TABLE `cache_locks` (
  `key` varchar(255) NOT NULL,
  `owner` varchar(255) NOT NULL,
  `expiration` int(11) NOT NULL
) ENGINE=InnoDB DEFAULT CHARSET=utf8mb4 COLLATE=utf8mb4_unicode_ci;

-- --------------------------------------------------------

--
-- Struktur dari tabel `failed_jobs`
--

CREATE TABLE `failed_jobs` (
  `id` bigint(20) UNSIGNED NOT NULL,
  `uuid` varchar(255) NOT NULL,
  `connection` text NOT NULL,
  `queue` text NOT NULL,
  `payload` longtext NOT NULL,
  `exception` longtext NOT NULL,
  `failed_at` timestamp NOT NULL DEFAULT current_timestamp()
) ENGINE=InnoDB DEFAULT CHARSET=utf8mb4 COLLATE=utf8mb4_unicode_ci;

-- --------------------------------------------------------

--
-- Struktur dari tabel `jenis_barangs`
--

CREATE TABLE `jenis_barangs` (
  `id` bigint(20) UNSIGNED NOT NULL,
  `nama_jenis` varchar(255) NOT NULL,
  `created_at` timestamp NULL DEFAULT NULL,
  `updated_at` timestamp NULL DEFAULT NULL
) ENGINE=InnoDB DEFAULT CHARSET=utf8mb4 COLLATE=utf8mb4_unicode_ci;

--
-- Dumping data untuk tabel `jenis_barangs`
--

INSERT INTO `jenis_barangs` (`id`, `nama_jenis`, `created_at`, `updated_at`) VALUES
(2, 'baju', '2025-05-25 04:31:55', '2025-05-25 09:50:50'),
(3, 'Celana', '2025-05-29 11:30:12', '2025-05-29 11:30:12');

-- --------------------------------------------------------

--
-- Struktur dari tabel `jobs`
--

CREATE TABLE `jobs` (
  `id` bigint(20) UNSIGNED NOT NULL,
  `queue` varchar(255) NOT NULL,
  `payload` longtext NOT NULL,
  `attempts` tinyint(3) UNSIGNED NOT NULL,
  `reserved_at` int(10) UNSIGNED DEFAULT NULL,
  `available_at` int(10) UNSIGNED NOT NULL,
  `created_at` int(10) UNSIGNED NOT NULL
) ENGINE=InnoDB DEFAULT CHARSET=utf8mb4 COLLATE=utf8mb4_unicode_ci;

-- --------------------------------------------------------

--
-- Struktur dari tabel `job_batches`
--

CREATE TABLE `job_batches` (
  `id` varchar(255) NOT NULL,
  `name` varchar(255) NOT NULL,
  `total_jobs` int(11) NOT NULL,
  `pending_jobs` int(11) NOT NULL,
  `failed_jobs` int(11) NOT NULL,
  `failed_job_ids` longtext NOT NULL,
  `options` mediumtext DEFAULT NULL,
  `cancelled_at` int(11) DEFAULT NULL,
  `created_at` int(11) NOT NULL,
  `finished_at` int(11) DEFAULT NULL
) ENGINE=InnoDB DEFAULT CHARSET=utf8mb4 COLLATE=utf8mb4_unicode_ci;

-- --------------------------------------------------------

--
-- Struktur dari tabel `migrations`
--

CREATE TABLE `migrations` (
  `id` int(10) UNSIGNED NOT NULL,
  `migration` varchar(255) NOT NULL,
  `batch` int(11) NOT NULL
) ENGINE=InnoDB DEFAULT CHARSET=utf8mb4 COLLATE=utf8mb4_unicode_ci;

--
-- Dumping data untuk tabel `migrations`
--

INSERT INTO `migrations` (`id`, `migration`, `batch`) VALUES
(1, '0001_01_01_000000_create_users_table', 1),
(2, '0001_01_01_000001_create_cache_table', 1),
(3, '0001_01_01_000002_create_jobs_table', 1),
(4, '2025_05_25_081335_create_jenis_barang_table', 2),
(5, '2025_05_25_081349_create_satuan_barang_table', 3),
(6, '2025_05_25_081317_create_barang_table', 4),
(7, '2025_05_25_153101_create_supplier_table', 5),
(8, '2025_05_25_162457_create_supplier_table', 6),
(9, '2025_05_26_033027_create_barang_masuk_table', 7),
(10, '2025_05_26_033047_create_barang_keluar_table', 7),
(11, '2025_05_26_060615_create_barang_keluar_table', 8),
(12, '2025_05_26_061512_create_barang_keluar_table', 9),
(13, '2025_05_29_133906_modify_barangs_table_replace_satuan_barang_id_with_satuan', 10),
(14, '2025_05_29_215432_update_barang_keluars_table', 11),
(15, '2025_06_20_130851_remove_satuan_and_tanggal_keluar_from_barang_keluars', 12),
(16, '2025_06_20_131152_remove_satuan_id_and_tanggal_keluar_from_barang_keluars', 13),
(17, '2025_06_20_205122_create_activity_logs_table', 14),
(18, '2025_06_23_061540_add_tanggal_masuk_to_barang_masuk_table', 15),
(19, '2025_06_23_105423_add_tanggal_keluar_to_barang_keluars_table', 16);

-- --------------------------------------------------------

--
-- Struktur dari tabel `password_reset_tokens`
--

CREATE TABLE `password_reset_tokens` (
  `email` varchar(255) NOT NULL,
  `token` varchar(255) NOT NULL,
  `created_at` timestamp NULL DEFAULT NULL
) ENGINE=InnoDB DEFAULT CHARSET=utf8mb4 COLLATE=utf8mb4_unicode_ci;

-- --------------------------------------------------------

--
-- Struktur dari tabel `satuan_barangs`
--

CREATE TABLE `satuan_barangs` (
  `id` bigint(20) UNSIGNED NOT NULL,
  `nama_satuan` varchar(255) NOT NULL,
  `created_at` timestamp NULL DEFAULT NULL,
  `updated_at` timestamp NULL DEFAULT NULL
) ENGINE=InnoDB DEFAULT CHARSET=utf8mb4 COLLATE=utf8mb4_unicode_ci;

--
-- Dumping data untuk tabel `satuan_barangs`
--

INSERT INTO `satuan_barangs` (`id`, `nama_satuan`, `created_at`, `updated_at`) VALUES
(2, 'Pcs', '2025-05-25 05:09:09', '2025-05-25 09:51:05');

-- --------------------------------------------------------

--
-- Struktur dari tabel `sessions`
--

CREATE TABLE `sessions` (
  `id` varchar(255) NOT NULL,
  `user_id` bigint(20) UNSIGNED DEFAULT NULL,
  `ip_address` varchar(45) DEFAULT NULL,
  `user_agent` text DEFAULT NULL,
  `payload` longtext NOT NULL,
  `last_activity` int(11) NOT NULL
) ENGINE=InnoDB DEFAULT CHARSET=utf8mb4 COLLATE=utf8mb4_unicode_ci;

--
-- Dumping data untuk tabel `sessions`
--

INSERT INTO `sessions` (`id`, `user_id`, `ip_address`, `user_agent`, `payload`, `last_activity`) VALUES
('QV7xPZqyHVmKD1swcfJpbRaOxqXifhSoFVFiQECG', 1, '127.0.0.1', 'Mozilla/5.0 (Windows NT 10.0; Win64; x64) AppleWebKit/537.36 (KHTML, like Gecko) Chrome/137.0.0.0 Safari/537.36', 'YTo1OntzOjY6Il90b2tlbiI7czo0MDoidFU2bWRvUzl6WG1aeG5ONVlNSVN0dkY4ck1kWXFvWTdjazFXVGh0dSI7czozOiJ1cmwiO2E6MTp7czo4OiJpbnRlbmRlZCI7czo1MjoiaHR0cDovLzEyNy4wLjAuMTo4MDAwL2JhcmFuZy1rZWx1YXIvVFJLLTAwMDAwMDgvZWRpdCI7fXM6OToiX3ByZXZpb3VzIjthOjE6e3M6MzoidXJsIjtzOjQyOiJodHRwOi8vMTI3LjAuMC4xOjgwMDAvYmFyYW5nLWtlbHVhci9jcmVhdGUiO31zOjY6Il9mbGFzaCI7YToyOntzOjM6Im9sZCI7YTowOnt9czozOiJuZXciO2E6MDp7fX1zOjUwOiJsb2dpbl93ZWJfNTliYTM2YWRkYzJiMmY5NDAxNTgwZjAxNGM3ZjU4ZWE0ZTMwOTg5ZCI7aToxO30=', 1751857584),
('XbgsDeYTF1AjE0h9oh184GbpCmk29aqJ7ak0ha61', 1, '127.0.0.1', 'Mozilla/5.0 (Windows NT 10.0; Win64; x64) AppleWebKit/537.36 (KHTML, like Gecko) Chrome/137.0.0.0 Safari/537.36', 'YTo1OntzOjY6Il90b2tlbiI7czo0MDoibDhTM1dLRHpUa21DTURvOTZlV3lPU1Vrd2RFc2tzYVBIQ3FqcVpxUyI7czozOiJ1cmwiO2E6MTp7czo4OiJpbnRlbmRlZCI7czoyNjoiaHR0cDovLzEyNy4wLjAuMTo4MDAwL3N0b2siO31zOjk6Il9wcmV2aW91cyI7YToxOntzOjM6InVybCI7czoyNjoiaHR0cDovLzEyNy4wLjAuMTo4MDAwL3N0b2siO31zOjY6Il9mbGFzaCI7YToyOntzOjM6Im9sZCI7YTowOnt9czozOiJuZXciO2E6MDp7fX1zOjUwOiJsb2dpbl93ZWJfNTliYTM2YWRkYzJiMmY5NDAxNTgwZjAxNGM3ZjU4ZWE0ZTMwOTg5ZCI7aToxO30=', 1751830835);

-- --------------------------------------------------------

--
-- Struktur dari tabel `suppliers`
--

CREATE TABLE `suppliers` (
  `id_supplier` varchar(255) NOT NULL,
  `nama_supplier` varchar(255) NOT NULL,
  `alamat_supplier` text DEFAULT NULL,
  `no_telp_supplier` varchar(255) DEFAULT NULL,
  `created_at` timestamp NULL DEFAULT NULL,
  `updated_at` timestamp NULL DEFAULT NULL
) ENGINE=InnoDB DEFAULT CHARSET=utf8mb4 COLLATE=utf8mb4_unicode_ci;

--
-- Dumping data untuk tabel `suppliers`
--

INSERT INTO `suppliers` (`id_supplier`, `nama_supplier`, `alamat_supplier`, `no_telp_supplier`, `created_at`, `updated_at`) VALUES
('SUP-0000001', 'Rusdi', 'Jln Kedondong', '08362637834', '2025-05-25 09:25:36', '2025-05-25 09:25:36'),
('SUP-0000002', 'Rusday', 'Jln Kedondongors', '08378364823', '2025-05-25 09:27:25', '2025-05-25 09:31:57'),
('SUP-0000003', 'Amelia', 'Jln Sumaten', '087237283', '2025-05-25 09:27:36', '2025-05-25 09:32:56'),
('SUP-0000004', 'Rusdi Netmarble', 'Jln Korea Kikir', '0874828734', '2025-05-25 09:28:18', '2025-05-25 09:33:29'),
('SUP-0000007', 'askdlnasdskd', 'alskndalskdnalksdnalks', '08023972387', '2025-06-22 12:26:20', '2025-06-22 12:26:20');

-- --------------------------------------------------------

--
-- Struktur dari tabel `users`
--

CREATE TABLE `users` (
  `id` bigint(20) UNSIGNED NOT NULL,
  `name` varchar(255) NOT NULL,
  `email` varchar(255) NOT NULL,
  `email_verified_at` timestamp NULL DEFAULT NULL,
  `password` varchar(255) NOT NULL,
  `roles` enum('admin','pegawai','pemilik') NOT NULL,
  `remember_token` varchar(100) DEFAULT NULL,
  `created_at` timestamp NULL DEFAULT NULL,
  `updated_at` timestamp NULL DEFAULT NULL
) ENGINE=InnoDB DEFAULT CHARSET=utf8mb4 COLLATE=utf8mb4_unicode_ci;

--
-- Dumping data untuk tabel `users`
--

INSERT INTO `users` (`id`, `name`, `email`, `email_verified_at`, `password`, `roles`, `remember_token`, `created_at`, `updated_at`) VALUES
(1, 'Admin', 'admin@gmail.com', NULL, '$2y$12$MVHfRG3MUcgvzuQ536ZaNe8vx.K2gSM3ZaY2XGBHf5fILjyt863wu', 'admin', NULL, '2025-05-23 11:22:54', '2025-06-24 14:00:32'),
(3, 'Owner', 'owner@gmail.com', NULL, '$2y$12$WJyPEv3odIuOcsC2M2JnG.xD1KjjBwXW.wK/koOYGZs/L6xZ40O..', 'pemilik', NULL, '2025-06-20 10:27:38', '2025-06-24 15:26:16');

--
-- Indexes for dumped tables
--

--
-- Indeks untuk tabel `activity_logs`
--
ALTER TABLE `activity_logs`
  ADD PRIMARY KEY (`id`),
  ADD KEY `activity_logs_user_id_foreign` (`user_id`);

--
-- Indeks untuk tabel `barangs`
--
ALTER TABLE `barangs`
  ADD PRIMARY KEY (`id`),
  ADD UNIQUE KEY `barangs_kode_barang_unique` (`kode_barang`),
  ADD KEY `barangs_jenis_barang_id_foreign` (`jenis_barang_id`);

--
-- Indeks untuk tabel `barang_keluars`
--
ALTER TABLE `barang_keluars`
  ADD PRIMARY KEY (`id`),
  ADD KEY `barang_keluars_barang_id_foreign` (`barang_id`);

--
-- Indeks untuk tabel `barang_masuks`
--
ALTER TABLE `barang_masuks`
  ADD PRIMARY KEY (`id`),
  ADD KEY `barang_masuks_barang_id_foreign` (`barang_id`),
  ADD KEY `barang_masuks_supplier_id_foreign` (`supplier_id`);

--
-- Indeks untuk tabel `cache`
--
ALTER TABLE `cache`
  ADD PRIMARY KEY (`key`);

--
-- Indeks untuk tabel `cache_locks`
--
ALTER TABLE `cache_locks`
  ADD PRIMARY KEY (`key`);

--
-- Indeks untuk tabel `failed_jobs`
--
ALTER TABLE `failed_jobs`
  ADD PRIMARY KEY (`id`),
  ADD UNIQUE KEY `failed_jobs_uuid_unique` (`uuid`);

--
-- Indeks untuk tabel `jenis_barangs`
--
ALTER TABLE `jenis_barangs`
  ADD PRIMARY KEY (`id`),
  ADD UNIQUE KEY `jenis_barangs_nama_jenis_unique` (`nama_jenis`);

--
-- Indeks untuk tabel `jobs`
--
ALTER TABLE `jobs`
  ADD PRIMARY KEY (`id`),
  ADD KEY `jobs_queue_index` (`queue`);

--
-- Indeks untuk tabel `job_batches`
--
ALTER TABLE `job_batches`
  ADD PRIMARY KEY (`id`);

--
-- Indeks untuk tabel `migrations`
--
ALTER TABLE `migrations`
  ADD PRIMARY KEY (`id`);

--
-- Indeks untuk tabel `password_reset_tokens`
--
ALTER TABLE `password_reset_tokens`
  ADD PRIMARY KEY (`email`);

--
-- Indeks untuk tabel `satuan_barangs`
--
ALTER TABLE `satuan_barangs`
  ADD PRIMARY KEY (`id`),
  ADD UNIQUE KEY `satuan_barangs_nama_satuan_unique` (`nama_satuan`);

--
-- Indeks untuk tabel `sessions`
--
ALTER TABLE `sessions`
  ADD PRIMARY KEY (`id`),
  ADD KEY `sessions_user_id_index` (`user_id`),
  ADD KEY `sessions_last_activity_index` (`last_activity`);

--
-- Indeks untuk tabel `suppliers`
--
ALTER TABLE `suppliers`
  ADD PRIMARY KEY (`id_supplier`);

--
-- Indeks untuk tabel `users`
--
ALTER TABLE `users`
  ADD PRIMARY KEY (`id`),
  ADD UNIQUE KEY `users_email_unique` (`email`);

--
-- AUTO_INCREMENT untuk tabel yang dibuang
--

--
-- AUTO_INCREMENT untuk tabel `activity_logs`
--
ALTER TABLE `activity_logs`
  MODIFY `id` bigint(20) UNSIGNED NOT NULL AUTO_INCREMENT, AUTO_INCREMENT=106;

--
-- AUTO_INCREMENT untuk tabel `barangs`
--
ALTER TABLE `barangs`
  MODIFY `id` bigint(20) UNSIGNED NOT NULL AUTO_INCREMENT, AUTO_INCREMENT=17;

--
-- AUTO_INCREMENT untuk tabel `failed_jobs`
--
ALTER TABLE `failed_jobs`
  MODIFY `id` bigint(20) UNSIGNED NOT NULL AUTO_INCREMENT;

--
-- AUTO_INCREMENT untuk tabel `jenis_barangs`
--
ALTER TABLE `jenis_barangs`
  MODIFY `id` bigint(20) UNSIGNED NOT NULL AUTO_INCREMENT, AUTO_INCREMENT=8;

--
-- AUTO_INCREMENT untuk tabel `jobs`
--
ALTER TABLE `jobs`
  MODIFY `id` bigint(20) UNSIGNED NOT NULL AUTO_INCREMENT;

--
-- AUTO_INCREMENT untuk tabel `migrations`
--
ALTER TABLE `migrations`
  MODIFY `id` int(10) UNSIGNED NOT NULL AUTO_INCREMENT, AUTO_INCREMENT=20;

--
-- AUTO_INCREMENT untuk tabel `satuan_barangs`
--
ALTER TABLE `satuan_barangs`
  MODIFY `id` bigint(20) UNSIGNED NOT NULL AUTO_INCREMENT, AUTO_INCREMENT=3;

--
-- AUTO_INCREMENT untuk tabel `users`
--
ALTER TABLE `users`
  MODIFY `id` bigint(20) UNSIGNED NOT NULL AUTO_INCREMENT, AUTO_INCREMENT=4;

--
-- Ketidakleluasaan untuk tabel pelimpahan (Dumped Tables)
--

--
-- Ketidakleluasaan untuk tabel `activity_logs`
--
ALTER TABLE `activity_logs`
  ADD CONSTRAINT `activity_logs_user_id_foreign` FOREIGN KEY (`user_id`) REFERENCES `users` (`id`) ON DELETE CASCADE;

--
-- Ketidakleluasaan untuk tabel `barangs`
--
ALTER TABLE `barangs`
  ADD CONSTRAINT `barangs_jenis_barang_id_foreign` FOREIGN KEY (`jenis_barang_id`) REFERENCES `jenis_barangs` (`id`) ON DELETE CASCADE;

--
-- Ketidakleluasaan untuk tabel `barang_keluars`
--
ALTER TABLE `barang_keluars`
  ADD CONSTRAINT `barang_keluars_barang_id_foreign` FOREIGN KEY (`barang_id`) REFERENCES `barangs` (`id`) ON DELETE CASCADE;

--
-- Ketidakleluasaan untuk tabel `barang_masuks`
--
ALTER TABLE `barang_masuks`
  ADD CONSTRAINT `barang_masuks_barang_id_foreign` FOREIGN KEY (`barang_id`) REFERENCES `barangs` (`id`) ON DELETE CASCADE,
  ADD CONSTRAINT `barang_masuks_supplier_id_foreign` FOREIGN KEY (`supplier_id`) REFERENCES `suppliers` (`id_supplier`) ON DELETE CASCADE;
COMMIT;

/*!40101 SET CHARACTER_SET_CLIENT=@OLD_CHARACTER_SET_CLIENT */;
/*!40101 SET CHARACTER_SET_RESULTS=@OLD_CHARACTER_SET_RESULTS */;
/*!40101 SET COLLATION_CONNECTION=@OLD_COLLATION_CONNECTION */;
